file_name,word,speaker
yes/b5cf6ea8_nohash_6.wav,yes,b5cf6ea8
yes/b5cf6ea8_nohash_5.wav,yes,b5cf6ea8
yes/b5cf6ea8_nohash_1.wav,yes,b5cf6ea8
yes/b5cf6ea8_nohash_7.wav,yes,b5cf6ea8
yes/b5cf6ea8_nohash_4.wav,yes,b5cf6ea8
yes/5f9cd2eb_nohash_2.wav,yes,5f9cd2eb
yes/5f9cd2eb_nohash_1.wav,yes,5f9cd2eb
yes/5f9cd2eb_nohash_5.wav,yes,5f9cd2eb
yes/5f9cd2eb_nohash_0.wav,yes,5f9cd2eb
yes/5f9cd2eb_nohash_3.wav,yes,5f9cd2eb
yes/229978fd_nohash_0.wav,yes,229978fd
yes/229978fd_nohash_3.wav,yes,229978fd
yes/229978fd_nohash_4.wav,yes,229978fd
yes/229978fd_nohash_2.wav,yes,229978fd
yes/229978fd_nohash_1.wav,yes,229978fd
yes/c1d39ce8_nohash_4.wav,yes,c1d39ce8
yes/c1d39ce8_nohash_3.wav,yes,c1d39ce8
yes/c1d39ce8_nohash_5.wav,yes,c1d39ce8
yes/c1d39ce8_nohash_2.wav,yes,c1d39ce8
yes/c1d39ce8_nohash_0.wav,yes,c1d39ce8
yes/953fe1ad_nohash_0.wav,yes,953fe1ad
yes/953fe1ad_nohash_4.wav,yes,953fe1ad
yes/953fe1ad_nohash_3.wav,yes,953fe1ad
yes/953fe1ad_nohash_1.wav,yes,953fe1ad
yes/953fe1ad_nohash_2.wav,yes,953fe1ad
yes/9aa21fa9_nohash_3.wav,yes,9aa21fa9
yes/9aa21fa9_nohash_2.wav,yes,9aa21fa9
yes/9aa21fa9_nohash_1.wav,yes,9aa21fa9
yes/9aa21fa9_nohash_4.wav,yes,9aa21fa9
yes/9aa21fa9_nohash_0.wav,yes,9aa21fa9
yes/de89e2ca_nohash_7.wav,yes,de89e2ca
yes/de89e2ca_nohash_2.wav,yes,de89e2ca
yes/de89e2ca_nohash_5.wav,yes,de89e2ca
yes/de89e2ca_nohash_3.wav,yes,de89e2ca
yes/de89e2ca_nohash_6.wav,yes,de89e2ca
yes/ef3367d9_nohash_4.wav,yes,ef3367d9
yes/ef3367d9_nohash_3.wav,yes,ef3367d9
yes/ef3367d9_nohash_0.wav,yes,ef3367d9
yes/ef3367d9_nohash_2.wav,yes,ef3367d9
yes/ef3367d9_nohash_1.wav,yes,ef3367d9
yes/c22d3f18_nohash_3.wav,yes,c22d3f18
yes/c22d3f18_nohash_0.wav,yes,c22d3f18
yes/c22d3f18_nohash_2.wav,yes,c22d3f18
yes/c22d3f18_nohash_1.wav,yes,c22d3f18
yes/c22d3f18_nohash_4.wav,yes,c22d3f18
yes/56eb74ae_nohash_3.wav,yes,56eb74ae
yes/56eb74ae_nohash_0.wav,yes,56eb74ae
yes/56eb74ae_nohash_2.wav,yes,56eb74ae
yes/56eb74ae_nohash_4.wav,yes,56eb74ae
yes/56eb74ae_nohash_1.wav,yes,56eb74ae
yes/e1469561_nohash_3.wav,yes,e1469561
yes/e1469561_nohash_1.wav,yes,e1469561
yes/e1469561_nohash_4.wav,yes,e1469561
yes/e1469561_nohash_0.wav,yes,e1469561
yes/e1469561_nohash_2.wav,yes,e1469561
yes/28e47b1a_nohash_0.wav,yes,28e47b1a
yes/28e47b1a_nohash_3.wav,yes,28e47b1a
yes/28e47b1a_nohash_2.wav,yes,28e47b1a
yes/28e47b1a_nohash_4.wav,yes,28e47b1a
yes/28e47b1a_nohash_1.wav,yes,28e47b1a
yes/eb0676ec_nohash_1.wav,yes,eb0676ec
yes/eb0676ec_nohash_0.wav,yes,eb0676ec
yes/eb0676ec_nohash_2.wav,yes,eb0676ec
yes/eb0676ec_nohash_4.wav,yes,eb0676ec
yes/eb0676ec_nohash_3.wav,yes,eb0676ec
yes/9886d8bf_nohash_4.wav,yes,9886d8bf
yes/9886d8bf_nohash_2.wav,yes,9886d8bf
yes/9886d8bf_nohash_0.wav,yes,9886d8bf
yes/9886d8bf_nohash_3.wav,yes,9886d8bf
yes/9886d8bf_nohash_1.wav,yes,9886d8bf
yes/8e05039f_nohash_2.wav,yes,8e05039f
yes/8e05039f_nohash_0.wav,yes,8e05039f
yes/8e05039f_nohash_1.wav,yes,8e05039f
yes/8e05039f_nohash_4.wav,yes,8e05039f
yes/8e05039f_nohash_3.wav,yes,8e05039f
yes/617de221_nohash_4.wav,yes,617de221
yes/617de221_nohash_0.wav,yes,617de221
yes/617de221_nohash_2.wav,yes,617de221
yes/617de221_nohash_3.wav,yes,617de221
yes/617de221_nohash_1.wav,yes,617de221
yes/c948d727_nohash_2.wav,yes,c948d727
yes/c948d727_nohash_0.wav,yes,c948d727
yes/c948d727_nohash_1.wav,yes,c948d727
yes/c948d727_nohash_4.wav,yes,c948d727
yes/c948d727_nohash_3.wav,yes,c948d727
yes/179a61b7_nohash_0.wav,yes,179a61b7
yes/179a61b7_nohash_3.wav,yes,179a61b7
yes/179a61b7_nohash_2.wav,yes,179a61b7
yes/179a61b7_nohash_4.wav,yes,179a61b7
yes/179a61b7_nohash_1.wav,yes,179a61b7
yes/21832144_nohash_1.wav,yes,21832144
yes/21832144_nohash_0.wav,yes,21832144
yes/21832144_nohash_2.wav,yes,21832144
yes/21832144_nohash_4.wav,yes,21832144
yes/21832144_nohash_3.wav,yes,21832144
yes/893705bb_nohash_7.wav,yes,893705bb
yes/893705bb_nohash_0.wav,yes,893705bb
yes/893705bb_nohash_5.wav,yes,893705bb
yes/893705bb_nohash_4.wav,yes,893705bb
yes/893705bb_nohash_6.wav,yes,893705bb
yes/1b4c9b89_nohash_3.wav,yes,1b4c9b89
yes/1b4c9b89_nohash_1.wav,yes,1b4c9b89
yes/1b4c9b89_nohash_2.wav,yes,1b4c9b89
yes/1b4c9b89_nohash_0.wav,yes,1b4c9b89
yes/1b4c9b89_nohash_4.wav,yes,1b4c9b89
yes/2aca1e72_nohash_4.wav,yes,2aca1e72
yes/2aca1e72_nohash_5.wav,yes,2aca1e72
yes/2aca1e72_nohash_0.wav,yes,2aca1e72
yes/2aca1e72_nohash_1.wav,yes,2aca1e72
yes/2aca1e72_nohash_7.wav,yes,2aca1e72
yes/324210dd_nohash_0.wav,yes,324210dd
yes/324210dd_nohash_2.wav,yes,324210dd
yes/324210dd_nohash_3.wav,yes,324210dd
yes/324210dd_nohash_5.wav,yes,324210dd
yes/324210dd_nohash_1.wav,yes,324210dd
yes/472b8045_nohash_2.wav,yes,472b8045
yes/472b8045_nohash_1.wav,yes,472b8045
yes/472b8045_nohash_0.wav,yes,472b8045
yes/472b8045_nohash_3.wav,yes,472b8045
yes/472b8045_nohash_4.wav,yes,472b8045
yes/cce7416f_nohash_6.wav,yes,cce7416f
yes/cce7416f_nohash_3.wav,yes,cce7416f
yes/cce7416f_nohash_8.wav,yes,cce7416f
yes/cce7416f_nohash_7.wav,yes,cce7416f
yes/cce7416f_nohash_11.wav,yes,cce7416f
yes/c1e0e8e3_nohash_0.wav,yes,c1e0e8e3
yes/c1e0e8e3_nohash_1.wav,yes,c1e0e8e3
yes/c1e0e8e3_nohash_4.wav,yes,c1e0e8e3
yes/c1e0e8e3_nohash_3.wav,yes,c1e0e8e3
yes/c1e0e8e3_nohash_2.wav,yes,c1e0e8e3
yes/8134f43f_nohash_1.wav,yes,8134f43f
yes/8134f43f_nohash_4.wav,yes,8134f43f
yes/8134f43f_nohash_3.wav,yes,8134f43f
yes/8134f43f_nohash_0.wav,yes,8134f43f
yes/8134f43f_nohash_2.wav,yes,8134f43f
yes/cd7f8c1b_nohash_1.wav,yes,cd7f8c1b
yes/cd7f8c1b_nohash_4.wav,yes,cd7f8c1b
yes/cd7f8c1b_nohash_0.wav,yes,cd7f8c1b
yes/cd7f8c1b_nohash_2.wav,yes,cd7f8c1b
yes/cd7f8c1b_nohash_3.wav,yes,cd7f8c1b
yes/24befdb3_nohash_3.wav,yes,24befdb3
yes/24befdb3_nohash_0.wav,yes,24befdb3
yes/24befdb3_nohash_1.wav,yes,24befdb3
yes/24befdb3_nohash_4.wav,yes,24befdb3
yes/24befdb3_nohash_2.wav,yes,24befdb3
yes/cd671b5f_nohash_0.wav,yes,cd671b5f
yes/cd671b5f_nohash_3.wav,yes,cd671b5f
yes/cd671b5f_nohash_1.wav,yes,cd671b5f
yes/cd671b5f_nohash_4.wav,yes,cd671b5f
yes/cd671b5f_nohash_2.wav,yes,cd671b5f
yes/42a99aec_nohash_3.wav,yes,42a99aec
yes/42a99aec_nohash_2.wav,yes,42a99aec
yes/42a99aec_nohash_0.wav,yes,42a99aec
yes/42a99aec_nohash_4.wav,yes,42a99aec
yes/42a99aec_nohash_1.wav,yes,42a99aec
yes/a04817c2_nohash_4.wav,yes,a04817c2
yes/a04817c2_nohash_2.wav,yes,a04817c2
yes/a04817c2_nohash_0.wav,yes,a04817c2
yes/a04817c2_nohash_1.wav,yes,a04817c2
yes/a04817c2_nohash_3.wav,yes,a04817c2
yes/ddedba85_nohash_4.wav,yes,ddedba85
yes/ddedba85_nohash_17.wav,yes,ddedba85
yes/ddedba85_nohash_18.wav,yes,ddedba85
yes/ddedba85_nohash_14.wav,yes,ddedba85
yes/ddedba85_nohash_0.wav,yes,ddedba85
yes/5ebc1cda_nohash_0.wav,yes,5ebc1cda
yes/5ebc1cda_nohash_3.wav,yes,5ebc1cda
yes/5ebc1cda_nohash_4.wav,yes,5ebc1cda
yes/5ebc1cda_nohash_2.wav,yes,5ebc1cda
yes/5ebc1cda_nohash_1.wav,yes,5ebc1cda
yes/b4ea0d9a_nohash_5.wav,yes,b4ea0d9a
yes/b4ea0d9a_nohash_2.wav,yes,b4ea0d9a
yes/b4ea0d9a_nohash_7.wav,yes,b4ea0d9a
yes/b4ea0d9a_nohash_0.wav,yes,b4ea0d9a
yes/b4ea0d9a_nohash_4.wav,yes,b4ea0d9a
yes/b66f4f93_nohash_5.wav,yes,b66f4f93
yes/b66f4f93_nohash_3.wav,yes,b66f4f93
yes/b66f4f93_nohash_9.wav,yes,b66f4f93
yes/b66f4f93_nohash_1.wav,yes,b66f4f93
yes/b66f4f93_nohash_2.wav,yes,b66f4f93
no/b5cf6ea8_nohash_8.wav,no,b5cf6ea8
no/b5cf6ea8_nohash_4.wav,no,b5cf6ea8
no/b5cf6ea8_nohash_2.wav,no,b5cf6ea8
no/b5cf6ea8_nohash_3.wav,no,b5cf6ea8
no/b5cf6ea8_nohash_1.wav,no,b5cf6ea8
no/5f9cd2eb_nohash_0.wav,no,5f9cd2eb
no/5f9cd2eb_nohash_1.wav,no,5f9cd2eb
no/5f9cd2eb_nohash_2.wav,no,5f9cd2eb
no/5f9cd2eb_nohash_6.wav,no,5f9cd2eb
no/5f9cd2eb_nohash_5.wav,no,5f9cd2eb
no/229978fd_nohash_3.wav,no,229978fd
no/229978fd_nohash_0.wav,no,229978fd
no/229978fd_nohash_1.wav,no,229978fd
no/229978fd_nohash_4.wav,no,229978fd
no/229978fd_nohash_2.wav,no,229978fd
no/c1d39ce8_nohash_9.wav,no,c1d39ce8
no/c1d39ce8_nohash_8.wav,no,c1d39ce8
no/c1d39ce8_nohash_0.wav,no,c1d39ce8
no/c1d39ce8_nohash_6.wav,no,c1d39ce8
no/c1d39ce8_nohash_3.wav,no,c1d39ce8
no/953fe1ad_nohash_0.wav,no,953fe1ad
no/953fe1ad_nohash_1.wav,no,953fe1ad
no/953fe1ad_nohash_4.wav,no,953fe1ad
no/953fe1ad_nohash_2.wav,no,953fe1ad
no/953fe1ad_nohash_3.wav,no,953fe1ad
no/9aa21fa9_nohash_1.wav,no,9aa21fa9
no/9aa21fa9_nohash_4.wav,no,9aa21fa9
no/9aa21fa9_nohash_2.wav,no,9aa21fa9
no/9aa21fa9_nohash_3.wav,no,9aa21fa9
no/9aa21fa9_nohash_0.wav,no,9aa21fa9
no/de89e2ca_nohash_2.wav,no,de89e2ca
no/de89e2ca_nohash_1.wav,no,de89e2ca
no/de89e2ca_nohash_4.wav,no,de89e2ca
no/de89e2ca_nohash_3.wav,no,de89e2ca
no/de89e2ca_nohash_0.wav,no,de89e2ca
no/ef3367d9_nohash_7.wav,no,ef3367d9
no/ef3367d9_nohash_3.wav,no,ef3367d9
no/ef3367d9_nohash_6.wav,no,ef3367d9
no/ef3367d9_nohash_4.wav,no,ef3367d9
no/ef3367d9_nohash_5.wav,no,ef3367d9
no/c22d3f18_nohash_2.wav,no,c22d3f18
no/c22d3f18_nohash_0.wav,no,c22d3f18
no/c22d3f18_nohash_4.wav,no,c22d3f18
no/c22d3f18_nohash_3.wav,no,c22d3f18
no/c22d3f18_nohash_1.wav,no,c22d3f18
no/56eb74ae_nohash_0.wav,no,56eb74ae
no/56eb74ae_nohash_1.wav,no,56eb74ae
no/56eb74ae_nohash_4.wav,no,56eb74ae
no/56eb74ae_nohash_2.wav,no,56eb74ae
no/56eb74ae_nohash_3.wav,no,56eb74ae
no/e1469561_nohash_1.wav,no,e1469561
no/e1469561_nohash_2.wav,no,e1469561
no/e1469561_nohash_4.wav,no,e1469561
no/e1469561_nohash_0.wav,no,e1469561
no/e1469561_nohash_3.wav,no,e1469561
no/28e47b1a_nohash_2.wav,no,28e47b1a
no/28e47b1a_nohash_0.wav,no,28e47b1a
no/28e47b1a_nohash_3.wav,no,28e47b1a
no/28e47b1a_nohash_1.wav,no,28e47b1a
no/28e47b1a_nohash_4.wav,no,28e47b1a
no/eb0676ec_nohash_3.wav,no,eb0676ec
no/eb0676ec_nohash_4.wav,no,eb0676ec
no/eb0676ec_nohash_1.wav,no,eb0676ec
no/eb0676ec_nohash_2.wav,no,eb0676ec
no/eb0676ec_nohash_0.wav,no,eb0676ec
no/9886d8bf_nohash_4.wav,no,9886d8bf
no/9886d8bf_nohash_1.wav,no,9886d8bf
no/9886d8bf_nohash_2.wav,no,9886d8bf
no/9886d8bf_nohash_0.wav,no,9886d8bf
no/9886d8bf_nohash_3.wav,no,9886d8bf
no/8e05039f_nohash_3.wav,no,8e05039f
no/8e05039f_nohash_2.wav,no,8e05039f
no/8e05039f_nohash_1.wav,no,8e05039f
no/8e05039f_nohash_0.wav,no,8e05039f
no/8e05039f_nohash_4.wav,no,8e05039f
no/617de221_nohash_0.wav,no,617de221
no/617de221_nohash_2.wav,no,617de221
no/617de221_nohash_4.wav,no,617de221
no/617de221_nohash_1.wav,no,617de221
no/617de221_nohash_3.wav,no,617de221
no/c948d727_nohash_0.wav,no,c948d727
no/c948d727_nohash_3.wav,no,c948d727
no/c948d727_nohash_1.wav,no,c948d727
no/c948d727_nohash_4.wav,no,c948d727
no/c948d727_nohash_2.wav,no,c948d727
no/179a61b7_nohash_0.wav,no,179a61b7
no/179a61b7_nohash_3.wav,no,179a61b7
no/179a61b7_nohash_2.wav,no,179a61b7
no/179a61b7_nohash_1.wav,no,179a61b7
no/179a61b7_nohash_4.wav,no,179a61b7
no/21832144_nohash_3.wav,no,21832144
no/21832144_nohash_4.wav,no,21832144
no/21832144_nohash_2.wav,no,21832144
no/21832144_nohash_1.wav,no,21832144
no/21832144_nohash_0.wav,no,21832144
no/893705bb_nohash_11.wav,no,893705bb
no/893705bb_nohash_12.wav,no,893705bb
no/893705bb_nohash_1.wav,no,893705bb
no/893705bb_nohash_6.wav,no,893705bb
no/893705bb_nohash_10.wav,no,893705bb
no/1b4c9b89_nohash_3.wav,no,1b4c9b89
no/1b4c9b89_nohash_0.wav,no,1b4c9b89
no/1b4c9b89_nohash_2.wav,no,1b4c9b89
no/1b4c9b89_nohash_1.wav,no,1b4c9b89
no/1b4c9b89_nohash_4.wav,no,1b4c9b89
no/2aca1e72_nohash_3.wav,no,2aca1e72
no/2aca1e72_nohash_2.wav,no,2aca1e72
no/2aca1e72_nohash_6.wav,no,2aca1e72
no/2aca1e72_nohash_8.wav,no,2aca1e72
no/2aca1e72_nohash_10.wav,no,2aca1e72
no/324210dd_nohash_1.wav,no,324210dd
no/324210dd_nohash_0.wav,no,324210dd
no/324210dd_nohash_2.wav,no,324210dd
no/324210dd_nohash_4.wav,no,324210dd
no/324210dd_nohash_3.wav,no,324210dd
no/472b8045_nohash_1.wav,no,472b8045
no/472b8045_nohash_2.wav,no,472b8045
no/472b8045_nohash_3.wav,no,472b8045
no/472b8045_nohash_0.wav,no,472b8045
no/472b8045_nohash_4.wav,no,472b8045
no/cce7416f_nohash_0.wav,no,cce7416f
no/cce7416f_nohash_1.wav,no,cce7416f
no/cce7416f_nohash_3.wav,no,cce7416f
no/cce7416f_nohash_5.wav,no,cce7416f
no/cce7416f_nohash_8.wav,no,cce7416f
no/c1e0e8e3_nohash_1.wav,no,c1e0e8e3
no/c1e0e8e3_nohash_0.wav,no,c1e0e8e3
no/c1e0e8e3_nohash_4.wav,no,c1e0e8e3
no/c1e0e8e3_nohash_3.wav,no,c1e0e8e3
no/c1e0e8e3_nohash_2.wav,no,c1e0e8e3
no/8134f43f_nohash_4.wav,no,8134f43f
no/8134f43f_nohash_2.wav,no,8134f43f
no/8134f43f_nohash_0.wav,no,8134f43f
no/8134f43f_nohash_1.wav,no,8134f43f
no/8134f43f_nohash_3.wav,no,8134f43f
no/cd7f8c1b_nohash_0.wav,no,cd7f8c1b
no/cd7f8c1b_nohash_3.wav,no,cd7f8c1b
no/cd7f8c1b_nohash_4.wav,no,cd7f8c1b
no/cd7f8c1b_nohash_1.wav,no,cd7f8c1b
no/cd7f8c1b_nohash_2.wav,no,cd7f8c1b
no/24befdb3_nohash_3.wav,no,24befdb3
no/24befdb3_nohash_0.wav,no,24befdb3
no/24befdb3_nohash_4.wav,no,24befdb3
no/24befdb3_nohash_2.wav,no,24befdb3
no/24befdb3_nohash_1.wav,no,24befdb3
no/cd671b5f_nohash_3.wav,no,cd671b5f
no/cd671b5f_nohash_1.wav,no,cd671b5f
no/cd671b5f_nohash_2.wav,no,cd671b5f
no/cd671b5f_nohash_0.wav,no,cd671b5f
no/cd671b5f_nohash_4.wav,no,cd671b5f
no/42a99aec_nohash_1.wav,no,42a99aec
no/42a99aec_nohash_3.wav,no,42a99aec
no/42a99aec_nohash_0.wav,no,42a99aec
no/42a99aec_nohash_2.wav,no,42a99aec
no/42a99aec_nohash_4.wav,no,42a99aec
no/a04817c2_nohash_4.wav,no,a04817c2
no/a04817c2_nohash_1.wav,no,a04817c2
no/a04817c2_nohash_3.wav,no,a04817c2
no/a04817c2_nohash_2.wav,no,a04817c2
no/a04817c2_nohash_0.wav,no,a04817c2
no/ddedba85_nohash_2.wav,no,ddedba85
no/ddedba85_nohash_0.wav,no,ddedba85
no/ddedba85_nohash_7.wav,no,ddedba85
no/ddedba85_nohash_1.wav,no,ddedba85
no/ddedba85_nohash_4.wav,no,ddedba85
no/5ebc1cda_nohash_4.wav,no,5ebc1cda
no/5ebc1cda_nohash_2.wav,no,5ebc1cda
no/5ebc1cda_nohash_0.wav,no,5ebc1cda
no/5ebc1cda_nohash_3.wav,no,5ebc1cda
no/5ebc1cda_nohash_5.wav,no,5ebc1cda
no/b4ea0d9a_nohash_4.wav,no,b4ea0d9a
no/b4ea0d9a_nohash_2.wav,no,b4ea0d9a
no/b4ea0d9a_nohash_5.wav,no,b4ea0d9a
no/b4ea0d9a_nohash_0.wav,no,b4ea0d9a
no/b4ea0d9a_nohash_3.wav,no,b4ea0d9a
no/b66f4f93_nohash_1.wav,no,b66f4f93
no/b66f4f93_nohash_6.wav,no,b66f4f93
no/b66f4f93_nohash_0.wav,no,b66f4f93
no/b66f4f93_nohash_4.wav,no,b66f4f93
no/b66f4f93_nohash_8.wav,no,b66f4f93
up/b5cf6ea8_nohash_3.wav,up,b5cf6ea8
up/b5cf6ea8_nohash_1.wav,up,b5cf6ea8
up/b5cf6ea8_nohash_2.wav,up,b5cf6ea8
up/b5cf6ea8_nohash_4.wav,up,b5cf6ea8
up/b5cf6ea8_nohash_0.wav,up,b5cf6ea8
up/5f9cd2eb_nohash_1.wav,up,5f9cd2eb
up/5f9cd2eb_nohash_3.wav,up,5f9cd2eb
up/5f9cd2eb_nohash_0.wav,up,5f9cd2eb
up/5f9cd2eb_nohash_6.wav,up,5f9cd2eb
up/5f9cd2eb_nohash_7.wav,up,5f9cd2eb
up/229978fd_nohash_1.wav,up,229978fd
up/229978fd_nohash_4.wav,up,229978fd
up/229978fd_nohash_3.wav,up,229978fd
up/229978fd_nohash_0.wav,up,229978fd
up/229978fd_nohash_2.wav,up,229978fd
up/c1d39ce8_nohash_3.wav,up,c1d39ce8
up/c1d39ce8_nohash_2.wav,up,c1d39ce8
up/c1d39ce8_nohash_4.wav,up,c1d39ce8
up/c1d39ce8_nohash_7.wav,up,c1d39ce8
up/c1d39ce8_nohash_9.wav,up,c1d39ce8
up/953fe1ad_nohash_1.wav,up,953fe1ad
up/953fe1ad_nohash_3.wav,up,953fe1ad
up/953fe1ad_nohash_2.wav,up,953fe1ad
up/953fe1ad_nohash_4.wav,up,953fe1ad
up/953fe1ad_nohash_0.wav,up,953fe1ad
up/9aa21fa9_nohash_2.wav,up,9aa21fa9
up/9aa21fa9_nohash_0.wav,up,9aa21fa9
up/9aa21fa9_nohash_3.wav,up,9aa21fa9
up/9aa21fa9_nohash_1.wav,up,9aa21fa9
up/9aa21fa9_nohash_4.wav,up,9aa21fa9
up/de89e2ca_nohash_2.wav,up,de89e2ca
up/de89e2ca_nohash_4.wav,up,de89e2ca
up/de89e2ca_nohash_3.wav,up,de89e2ca
up/de89e2ca_nohash_5.wav,up,de89e2ca
up/de89e2ca_nohash_1.wav,up,de89e2ca
up/ef3367d9_nohash_4.wav,up,ef3367d9
up/ef3367d9_nohash_3.wav,up,ef3367d9
up/ef3367d9_nohash_1.wav,up,ef3367d9
up/ef3367d9_nohash_0.wav,up,ef3367d9
up/ef3367d9_nohash_2.wav,up,ef3367d9
up/c22d3f18_nohash_3.wav,up,c22d3f18
up/c22d3f18_nohash_0.wav,up,c22d3f18
up/c22d3f18_nohash_2.wav,up,c22d3f18
up/c22d3f18_nohash_4.wav,up,c22d3f18
up/c22d3f18_nohash_1.wav,up,c22d3f18
up/56eb74ae_nohash_0.wav,up,56eb74ae
up/56eb74ae_nohash_1.wav,up,56eb74ae
up/56eb74ae_nohash_3.wav,up,56eb74ae
up/56eb74ae_nohash_4.wav,up,56eb74ae
up/56eb74ae_nohash_2.wav,up,56eb74ae
up/e1469561_nohash_0.wav,up,e1469561
up/e1469561_nohash_4.wav,up,e1469561
up/e1469561_nohash_1.wav,up,e1469561
up/e1469561_nohash_2.wav,up,e1469561
up/e1469561_nohash_3.wav,up,e1469561
up/28e47b1a_nohash_1.wav,up,28e47b1a
up/28e47b1a_nohash_0.wav,up,28e47b1a
up/28e47b1a_nohash_2.wav,up,28e47b1a
up/28e47b1a_nohash_4.wav,up,28e47b1a
up/28e47b1a_nohash_3.wav,up,28e47b1a
up/eb0676ec_nohash_3.wav,up,eb0676ec
up/eb0676ec_nohash_4.wav,up,eb0676ec
up/eb0676ec_nohash_2.wav,up,eb0676ec
up/eb0676ec_nohash_1.wav,up,eb0676ec
up/eb0676ec_nohash_0.wav,up,eb0676ec
up/9886d8bf_nohash_3.wav,up,9886d8bf
up/9886d8bf_nohash_2.wav,up,9886d8bf
up/9886d8bf_nohash_4.wav,up,9886d8bf
up/9886d8bf_nohash_0.wav,up,9886d8bf
up/9886d8bf_nohash_1.wav,up,9886d8bf
up/8e05039f_nohash_4.wav,up,8e05039f
up/8e05039f_nohash_3.wav,up,8e05039f
up/8e05039f_nohash_2.wav,up,8e05039f
up/8e05039f_nohash_0.wav,up,8e05039f
up/8e05039f_nohash_1.wav,up,8e05039f
up/617de221_nohash_0.wav,up,617de221
up/617de221_nohash_3.wav,up,617de221
up/617de221_nohash_4.wav,up,617de221
up/617de221_nohash_2.wav,up,617de221
up/617de221_nohash_1.wav,up,617de221
up/c948d727_nohash_1.wav,up,c948d727
up/c948d727_nohash_3.wav,up,c948d727
up/c948d727_nohash_2.wav,up,c948d727
up/c948d727_nohash_4.wav,up,c948d727
up/c948d727_nohash_0.wav,up,c948d727
up/179a61b7_nohash_1.wav,up,179a61b7
up/179a61b7_nohash_3.wav,up,179a61b7
up/179a61b7_nohash_2.wav,up,179a61b7
up/179a61b7_nohash_0.wav,up,179a61b7
up/179a61b7_nohash_4.wav,up,179a61b7
up/21832144_nohash_3.wav,up,21832144
up/21832144_nohash_1.wav,up,21832144
up/21832144_nohash_4.wav,up,21832144
up/21832144_nohash_0.wav,up,21832144
up/21832144_nohash_2.wav,up,21832144
up/893705bb_nohash_15.wav,up,893705bb
up/893705bb_nohash_0.wav,up,893705bb
up/893705bb_nohash_5.wav,up,893705bb
up/893705bb_nohash_10.wav,up,893705bb
up/893705bb_nohash_6.wav,up,893705bb
up/1b4c9b89_nohash_2.wav,up,1b4c9b89
up/1b4c9b89_nohash_0.wav,up,1b4c9b89
up/1b4c9b89_nohash_1.wav,up,1b4c9b89
up/1b4c9b89_nohash_3.wav,up,1b4c9b89
up/1b4c9b89_nohash_4.wav,up,1b4c9b89
up/2aca1e72_nohash_6.wav,up,2aca1e72
up/2aca1e72_nohash_1.wav,up,2aca1e72
up/2aca1e72_nohash_2.wav,up,2aca1e72
up/2aca1e72_nohash_0.wav,up,2aca1e72
up/2aca1e72_nohash_5.wav,up,2aca1e72
up/324210dd_nohash_1.wav,up,324210dd
up/324210dd_nohash_0.wav,up,324210dd
up/324210dd_nohash_4.wav,up,324210dd
up/324210dd_nohash_3.wav,up,324210dd
up/324210dd_nohash_2.wav,up,324210dd
up/472b8045_nohash_2.wav,up,472b8045
up/472b8045_nohash_1.wav,up,472b8045
up/472b8045_nohash_4.wav,up,472b8045
up/472b8045_nohash_3.wav,up,472b8045
up/472b8045_nohash_0.wav,up,472b8045
up/cce7416f_nohash_4.wav,up,cce7416f
up/cce7416f_nohash_9.wav,up,cce7416f
up/cce7416f_nohash_8.wav,up,cce7416f
up/cce7416f_nohash_10.wav,up,cce7416f
up/cce7416f_nohash_6.wav,up,cce7416f
up/c1e0e8e3_nohash_3.wav,up,c1e0e8e3
up/c1e0e8e3_nohash_4.wav,up,c1e0e8e3
up/c1e0e8e3_nohash_2.wav,up,c1e0e8e3
up/c1e0e8e3_nohash_1.wav,up,c1e0e8e3
up/c1e0e8e3_nohash_0.wav,up,c1e0e8e3
up/8134f43f_nohash_3.wav,up,8134f43f
up/8134f43f_nohash_4.wav,up,8134f43f
up/8134f43f_nohash_0.wav,up,8134f43f
up/8134f43f_nohash_1.wav,up,8134f43f
up/8134f43f_nohash_2.wav,up,8134f43f
up/cd7f8c1b_nohash_2.wav,up,cd7f8c1b
up/cd7f8c1b_nohash_3.wav,up,cd7f8c1b
up/cd7f8c1b_nohash_4.wav,up,cd7f8c1b
up/cd7f8c1b_nohash_1.wav,up,cd7f8c1b
up/cd7f8c1b_nohash_0.wav,up,cd7f8c1b
up/24befdb3_nohash_4.wav,up,24befdb3
up/24befdb3_nohash_3.wav,up,24befdb3
up/24befdb3_nohash_0.wav,up,24befdb3
up/24befdb3_nohash_2.wav,up,24befdb3
up/24befdb3_nohash_1.wav,up,24befdb3
up/cd671b5f_nohash_1.wav,up,cd671b5f
up/cd671b5f_nohash_4.wav,up,cd671b5f
up/cd671b5f_nohash_0.wav,up,cd671b5f
up/cd671b5f_nohash_2.wav,up,cd671b5f
up/cd671b5f_nohash_3.wav,up,cd671b5f
up/42a99aec_nohash_1.wav,up,42a99aec
up/42a99aec_nohash_3.wav,up,42a99aec
up/42a99aec_nohash_2.wav,up,42a99aec
up/42a99aec_nohash_0.wav,up,42a99aec
up/42a99aec_nohash_4.wav,up,42a99aec
up/a04817c2_nohash_0.wav,up,a04817c2
up/a04817c2_nohash_2.wav,up,a04817c2
up/a04817c2_nohash_4.wav,up,a04817c2
up/a04817c2_nohash_3.wav,up,a04817c2
up/a04817c2_nohash_1.wav,up,a04817c2
up/ddedba85_nohash_5.wav,up,ddedba85
up/ddedba85_nohash_7.wav,up,ddedba85
up/ddedba85_nohash_8.wav,up,ddedba85
up/ddedba85_nohash_1.wav,up,ddedba85
up/ddedba85_nohash_3.wav,up,ddedba85
up/5ebc1cda_nohash_4.wav,up,5ebc1cda
up/5ebc1cda_nohash_5.wav,up,5ebc1cda
up/5ebc1cda_nohash_1.wav,up,5ebc1cda
up/5ebc1cda_nohash_3.wav,up,5ebc1cda
up/5ebc1cda_nohash_2.wav,up,5ebc1cda
up/b4ea0d9a_nohash_4.wav,up,b4ea0d9a
up/b4ea0d9a_nohash_0.wav,up,b4ea0d9a
up/b4ea0d9a_nohash_1.wav,up,b4ea0d9a
up/b4ea0d9a_nohash_2.wav,up,b4ea0d9a
up/b4ea0d9a_nohash_3.wav,up,b4ea0d9a
up/b66f4f93_nohash_1.wav,up,b66f4f93
up/b66f4f93_nohash_2.wav,up,b66f4f93
up/b66f4f93_nohash_5.wav,up,b66f4f93
up/b66f4f93_nohash_4.wav,up,b66f4f93
up/b66f4f93_nohash_3.wav,up,b66f4f93
down/b5cf6ea8_nohash_3.wav,down,b5cf6ea8
down/b5cf6ea8_nohash_6.wav,down,b5cf6ea8
down/b5cf6ea8_nohash_1.wav,down,b5cf6ea8
down/b5cf6ea8_nohash_7.wav,down,b5cf6ea8
down/b5cf6ea8_nohash_5.wav,down,b5cf6ea8
down/5f9cd2eb_nohash_4.wav,down,5f9cd2eb
down/5f9cd2eb_nohash_1.wav,down,5f9cd2eb
down/5f9cd2eb_nohash_6.wav,down,5f9cd2eb
down/5f9cd2eb_nohash_5.wav,down,5f9cd2eb
down/5f9cd2eb_nohash_0.wav,down,5f9cd2eb
down/229978fd_nohash_3.wav,down,229978fd
down/229978fd_nohash_1.wav,down,229978fd
down/229978fd_nohash_4.wav,down,229978fd
down/229978fd_nohash_0.wav,down,229978fd
down/229978fd_nohash_2.wav,down,229978fd
down/c1d39ce8_nohash_1.wav,down,c1d39ce8
down/c1d39ce8_nohash_0.wav,down,c1d39ce8
down/c1d39ce8_nohash_7.wav,down,c1d39ce8
down/c1d39ce8_nohash_6.wav,down,c1d39ce8
down/c1d39ce8_nohash_2.wav,down,c1d39ce8
down/953fe1ad_nohash_2.wav,down,953fe1ad
down/953fe1ad_nohash_4.wav,down,953fe1ad
down/953fe1ad_nohash_0.wav,down,953fe1ad
down/953fe1ad_nohash_1.wav,down,953fe1ad
down/953fe1ad_nohash_3.wav,down,953fe1ad
down/9aa21fa9_nohash_3.wav,down,9aa21fa9
down/9aa21fa9_nohash_1.wav,down,9aa21fa9
down/9aa21fa9_nohash_4.wav,down,9aa21fa9
down/9aa21fa9_nohash_2.wav,down,9aa21fa9
down/9aa21fa9_nohash_0.wav,down,9aa21fa9
down/de89e2ca_nohash_1.wav,down,de89e2ca
down/de89e2ca_nohash_4.wav,down,de89e2ca
down/de89e2ca_nohash_6.wav,down,de89e2ca
down/de89e2ca_nohash_2.wav,down,de89e2ca
down/de89e2ca_nohash_0.wav,down,de89e2ca
down/ef3367d9_nohash_6.wav,down,ef3367d9
down/ef3367d9_nohash_0.wav,down,ef3367d9
down/ef3367d9_nohash_2.wav,down,ef3367d9
down/ef3367d9_nohash_1.wav,down,ef3367d9
down/ef3367d9_nohash_5.wav,down,ef3367d9
down/c22d3f18_nohash_4.wav,down,c22d3f18
down/c22d3f18_nohash_0.wav,down,c22d3f18
down/c22d3f18_nohash_3.wav,down,c22d3f18
down/c22d3f18_nohash_1.wav,down,c22d3f18
down/c22d3f18_nohash_2.wav,down,c22d3f18
down/56eb74ae_nohash_2.wav,down,56eb74ae
down/56eb74ae_nohash_0.wav,down,56eb74ae
down/56eb74ae_nohash_3.wav,down,56eb74ae
down/56eb74ae_nohash_1.wav,down,56eb74ae
down/56eb74ae_nohash_4.wav,down,56eb74ae
down/e1469561_nohash_3.wav,down,e1469561
down/e1469561_nohash_1.wav,down,e1469561
down/e1469561_nohash_2.wav,down,e1469561
down/e1469561_nohash_4.wav,down,e1469561
down/e1469561_nohash_0.wav,down,e1469561
down/28e47b1a_nohash_0.wav,down,28e47b1a
down/28e47b1a_nohash_2.wav,down,28e47b1a
down/28e47b1a_nohash_1.wav,down,28e47b1a
down/28e47b1a_nohash_3.wav,down,28e47b1a
down/28e47b1a_nohash_4.wav,down,28e47b1a
down/eb0676ec_nohash_2.wav,down,eb0676ec
down/eb0676ec_nohash_4.wav,down,eb0676ec
down/eb0676ec_nohash_3.wav,down,eb0676ec
down/eb0676ec_nohash_1.wav,down,eb0676ec
down/eb0676ec_nohash_0.wav,down,eb0676ec
down/9886d8bf_nohash_4.wav,down,9886d8bf
down/9886d8bf_nohash_2.wav,down,9886d8bf
down/9886d8bf_nohash_0.wav,down,9886d8bf
down/9886d8bf_nohash_1.wav,down,9886d8bf
down/9886d8bf_nohash_3.wav,down,9886d8bf
down/8e05039f_nohash_1.wav,down,8e05039f
down/8e05039f_nohash_0.wav,down,8e05039f
down/8e05039f_nohash_2.wav,down,8e05039f
down/8e05039f_nohash_3.wav,down,8e05039f
down/8e05039f_nohash_4.wav,down,8e05039f
down/617de221_nohash_2.wav,down,617de221
down/617de221_nohash_1.wav,down,617de221
down/617de221_nohash_0.wav,down,617de221
down/617de221_nohash_3.wav,down,617de221
down/617de221_nohash_4.wav,down,617de221
down/c948d727_nohash_2.wav,down,c948d727
down/c948d727_nohash_3.wav,down,c948d727
down/c948d727_nohash_1.wav,down,c948d727
down/c948d727_nohash_4.wav,down,c948d727
down/c948d727_nohash_0.wav,down,c948d727
down/179a61b7_nohash_1.wav,down,179a61b7
down/179a61b7_nohash_0.wav,down,179a61b7
down/179a61b7_nohash_3.wav,down,179a61b7
down/179a61b7_nohash_2.wav,down,179a61b7
down/179a61b7_nohash_4.wav,down,179a61b7
down/21832144_nohash_4.wav,down,21832144
down/21832144_nohash_1.wav,down,21832144
down/21832144_nohash_2.wav,down,21832144
down/21832144_nohash_0.wav,down,21832144
down/21832144_nohash_3.wav,down,21832144
down/893705bb_nohash_3.wav,down,893705bb
down/893705bb_nohash_2.wav,down,893705bb
down/893705bb_nohash_4.wav,down,893705bb
down/893705bb_nohash_5.wav,down,893705bb
down/893705bb_nohash_0.wav,down,893705bb
down/1b4c9b89_nohash_0.wav,down,1b4c9b89
down/1b4c9b89_nohash_1.wav,down,1b4c9b89
down/1b4c9b89_nohash_2.wav,down,1b4c9b89
down/1b4c9b89_nohash_4.wav,down,1b4c9b89
down/1b4c9b89_nohash_3.wav,down,1b4c9b89
down/2aca1e72_nohash_2.wav,down,2aca1e72
down/2aca1e72_nohash_8.wav,down,2aca1e72
down/2aca1e72_nohash_7.wav,down,2aca1e72
down/2aca1e72_nohash_4.wav,down,2aca1e72
down/2aca1e72_nohash_3.wav,down,2aca1e72
down/324210dd_nohash_1.wav,down,324210dd
down/324210dd_nohash_3.wav,down,324210dd
down/324210dd_nohash_2.wav,down,324210dd
down/324210dd_nohash_0.wav,down,324210dd
down/324210dd_nohash_4.wav,down,324210dd
down/472b8045_nohash_3.wav,down,472b8045
down/472b8045_nohash_2.wav,down,472b8045
down/472b8045_nohash_1.wav,down,472b8045
down/472b8045_nohash_4.wav,down,472b8045
down/472b8045_nohash_0.wav,down,472b8045
down/cce7416f_nohash_7.wav,down,cce7416f
down/cce7416f_nohash_3.wav,down,cce7416f
down/cce7416f_nohash_8.wav,down,cce7416f
down/cce7416f_nohash_1.wav,down,cce7416f
down/cce7416f_nohash_9.wav,down,cce7416f
down/c1e0e8e3_nohash_4.wav,down,c1e0e8e3
down/c1e0e8e3_nohash_2.wav,down,c1e0e8e3
down/c1e0e8e3_nohash_3.wav,down,c1e0e8e3
down/c1e0e8e3_nohash_0.wav,down,c1e0e8e3
down/c1e0e8e3_nohash_1.wav,down,c1e0e8e3
down/8134f43f_nohash_1.wav,down,8134f43f
down/8134f43f_nohash_0.wav,down,8134f43f
down/8134f43f_nohash_3.wav,down,8134f43f
down/8134f43f_nohash_2.wav,down,8134f43f
down/8134f43f_nohash_4.wav,down,8134f43f
down/cd7f8c1b_nohash_2.wav,down,cd7f8c1b
down/cd7f8c1b_nohash_4.wav,down,cd7f8c1b
down/cd7f8c1b_nohash_0.wav,down,cd7f8c1b
down/cd7f8c1b_nohash_1.wav,down,cd7f8c1b
down/cd7f8c1b_nohash_3.wav,down,cd7f8c1b
down/24befdb3_nohash_0.wav,down,24befdb3
down/24befdb3_nohash_2.wav,down,24befdb3
down/24befdb3_nohash_3.wav,down,24befdb3
down/24befdb3_nohash_4.wav,down,24befdb3
down/24befdb3_nohash_1.wav,down,24befdb3
down/cd671b5f_nohash_4.wav,down,cd671b5f
down/cd671b5f_nohash_3.wav,down,cd671b5f
down/cd671b5f_nohash_0.wav,down,cd671b5f
down/cd671b5f_nohash_1.wav,down,cd671b5f
down/cd671b5f_nohash_2.wav,down,cd671b5f
down/42a99aec_nohash_0.wav,down,42a99aec
down/42a99aec_nohash_2.wav,down,42a99aec
down/42a99aec_nohash_4.wav,down,42a99aec
down/42a99aec_nohash_3.wav,down,42a99aec
down/42a99aec_nohash_1.wav,down,42a99aec
down/a04817c2_nohash_4.wav,down,a04817c2
down/a04817c2_nohash_0.wav,down,a04817c2
down/a04817c2_nohash_2.wav,down,a04817c2
down/a04817c2_nohash_3.wav,down,a04817c2
down/a04817c2_nohash_1.wav,down,a04817c2
down/ddedba85_nohash_0.wav,down,ddedba85
down/ddedba85_nohash_4.wav,down,ddedba85
down/ddedba85_nohash_9.wav,down,ddedba85
down/ddedba85_nohash_6.wav,down,ddedba85
down/ddedba85_nohash_7.wav,down,ddedba85
down/5ebc1cda_nohash_4.wav,down,5ebc1cda
down/5ebc1cda_nohash_3.wav,down,5ebc1cda
down/5ebc1cda_nohash_2.wav,down,5ebc1cda
down/5ebc1cda_nohash_1.wav,down,5ebc1cda
down/5ebc1cda_nohash_0.wav,down,5ebc1cda
down/b4ea0d9a_nohash_6.wav,down,b4ea0d9a
down/b4ea0d9a_nohash_0.wav,down,b4ea0d9a
down/b4ea0d9a_nohash_7.wav,down,b4ea0d9a
down/b4ea0d9a_nohash_4.wav,down,b4ea0d9a
down/b4ea0d9a_nohash_2.wav,down,b4ea0d9a
down/b66f4f93_nohash_2.wav,down,b66f4f93
down/b66f4f93_nohash_1.wav,down,b66f4f93
down/b66f4f93_nohash_6.wav,down,b66f4f93
down/b66f4f93_nohash_4.wav,down,b66f4f93
down/b66f4f93_nohash_3.wav,down,b66f4f93
left/b5cf6ea8_nohash_4.wav,left,b5cf6ea8
left/b5cf6ea8_nohash_5.wav,left,b5cf6ea8
left/b5cf6ea8_nohash_6.wav,left,b5cf6ea8
left/b5cf6ea8_nohash_0.wav,left,b5cf6ea8
left/b5cf6ea8_nohash_1.wav,left,b5cf6ea8
left/5f9cd2eb_nohash_2.wav,left,5f9cd2eb
left/5f9cd2eb_nohash_4.wav,left,5f9cd2eb
left/5f9cd2eb_nohash_6.wav,left,5f9cd2eb
left/5f9cd2eb_nohash_5.wav,left,5f9cd2eb
left/5f9cd2eb_nohash_1.wav,left,5f9cd2eb
left/229978fd_nohash_4.wav,left,229978fd
left/229978fd_nohash_2.wav,left,229978fd
left/229978fd_nohash_3.wav,left,229978fd
left/229978fd_nohash_1.wav,left,229978fd
left/229978fd_nohash_0.wav,left,229978fd
left/c1d39ce8_nohash_7.wav,left,c1d39ce8
left/c1d39ce8_nohash_0.wav,left,c1d39ce8
left/c1d39ce8_nohash_4.wav,left,c1d39ce8
left/c1d39ce8_nohash_1.wav,left,c1d39ce8
left/c1d39ce8_nohash_3.wav,left,c1d39ce8
left/953fe1ad_nohash_1.wav,left,953fe1ad
left/953fe1ad_nohash_3.wav,left,953fe1ad
left/953fe1ad_nohash_4.wav,left,953fe1ad
left/953fe1ad_nohash_0.wav,left,953fe1ad
left/953fe1ad_nohash_2.wav,left,953fe1ad
left/9aa21fa9_nohash_3.wav,left,9aa21fa9
left/9aa21fa9_nohash_0.wav,left,9aa21fa9
left/9aa21fa9_nohash_1.wav,left,9aa21fa9
left/9aa21fa9_nohash_4.wav,left,9aa21fa9
left/9aa21fa9_nohash_2.wav,left,9aa21fa9
left/de89e2ca_nohash_5.wav,left,de89e2ca
left/de89e2ca_nohash_1.wav,left,de89e2ca
left/de89e2ca_nohash_4.wav,left,de89e2ca
left/de89e2ca_nohash_2.wav,left,de89e2ca
left/de89e2ca_nohash_3.wav,left,de89e2ca
left/ef3367d9_nohash_4.wav,left,ef3367d9
left/ef3367d9_nohash_1.wav,left,ef3367d9
left/ef3367d9_nohash_3.wav,left,ef3367d9
left/ef3367d9_nohash_5.wav,left,ef3367d9
left/ef3367d9_nohash_0.wav,left,ef3367d9
left/c22d3f18_nohash_0.wav,left,c22d3f18
left/c22d3f18_nohash_3.wav,left,c22d3f18
left/c22d3f18_nohash_1.wav,left,c22d3f18
left/c22d3f18_nohash_2.wav,left,c22d3f18
left/c22d3f18_nohash_4.wav,left,c22d3f18
left/56eb74ae_nohash_2.wav,left,56eb74ae
left/56eb74ae_nohash_0.wav,left,56eb74ae
left/56eb74ae_nohash_1.wav,left,56eb74ae
left/56eb74ae_nohash_4.wav,left,56eb74ae
left/56eb74ae_nohash_3.wav,left,56eb74ae
left/e1469561_nohash_4.wav,left,e1469561
left/e1469561_nohash_1.wav,left,e1469561
left/e1469561_nohash_0.wav,left,e1469561
left/e1469561_nohash_3.wav,left,e1469561
left/e1469561_nohash_2.wav,left,e1469561
left/28e47b1a_nohash_0.wav,left,28e47b1a
left/28e47b1a_nohash_1.wav,left,28e47b1a
left/28e47b1a_nohash_3.wav,left,28e47b1a
left/28e47b1a_nohash_4.wav,left,28e47b1a
left/28e47b1a_nohash_2.wav,left,28e47b1a
left/eb0676ec_nohash_3.wav,left,eb0676ec
left/eb0676ec_nohash_1.wav,left,eb0676ec
left/eb0676ec_nohash_0.wav,left,eb0676ec
left/eb0676ec_nohash_2.wav,left,eb0676ec
left/eb0676ec_nohash_4.wav,left,eb0676ec
left/9886d8bf_nohash_4.wav,left,9886d8bf
left/9886d8bf_nohash_2.wav,left,9886d8bf
left/9886d8bf_nohash_1.wav,left,9886d8bf
left/9886d8bf_nohash_3.wav,left,9886d8bf
left/9886d8bf_nohash_0.wav,left,9886d8bf
left/8e05039f_nohash_2.wav,left,8e05039f
left/8e05039f_nohash_0.wav,left,8e05039f
left/8e05039f_nohash_1.wav,left,8e05039f
left/8e05039f_nohash_4.wav,left,8e05039f
left/8e05039f_nohash_3.wav,left,8e05039f
left/617de221_nohash_1.wav,left,617de221
left/617de221_nohash_4.wav,left,617de221
left/617de221_nohash_3.wav,left,617de221
left/617de221_nohash_2.wav,left,617de221
left/617de221_nohash_0.wav,left,617de221
left/c948d727_nohash_2.wav,left,c948d727
left/c948d727_nohash_3.wav,left,c948d727
left/c948d727_nohash_4.wav,left,c948d727
left/c948d727_nohash_1.wav,left,c948d727
left/c948d727_nohash_0.wav,left,c948d727
left/179a61b7_nohash_3.wav,left,179a61b7
left/179a61b7_nohash_2.wav,left,179a61b7
left/179a61b7_nohash_1.wav,left,179a61b7
left/179a61b7_nohash_4.wav,left,179a61b7
left/179a61b7_nohash_0.wav,left,179a61b7
left/21832144_nohash_4.wav,left,21832144
left/21832144_nohash_0.wav,left,21832144
left/21832144_nohash_3.wav,left,21832144
left/21832144_nohash_1.wav,left,21832144
left/21832144_nohash_2.wav,left,21832144
left/893705bb_nohash_6.wav,left,893705bb
left/893705bb_nohash_5.wav,left,893705bb
left/893705bb_nohash_2.wav,left,893705bb
left/893705bb_nohash_0.wav,left,893705bb
left/893705bb_nohash_3.wav,left,893705bb
left/1b4c9b89_nohash_4.wav,left,1b4c9b89
left/1b4c9b89_nohash_0.wav,left,1b4c9b89
left/1b4c9b89_nohash_1.wav,left,1b4c9b89
left/1b4c9b89_nohash_2.wav,left,1b4c9b89
left/1b4c9b89_nohash_3.wav,left,1b4c9b89
left/2aca1e72_nohash_0.wav,left,2aca1e72
left/2aca1e72_nohash_1.wav,left,2aca1e72
left/2aca1e72_nohash_3.wav,left,2aca1e72
left/2aca1e72_nohash_4.wav,left,2aca1e72
left/2aca1e72_nohash_2.wav,left,2aca1e72
left/324210dd_nohash_3.wav,left,324210dd
left/324210dd_nohash_0.wav,left,324210dd
left/324210dd_nohash_4.wav,left,324210dd
left/324210dd_nohash_2.wav,left,324210dd
left/324210dd_nohash_1.wav,left,324210dd
left/472b8045_nohash_2.wav,left,472b8045
left/472b8045_nohash_0.wav,left,472b8045
left/472b8045_nohash_3.wav,left,472b8045
left/472b8045_nohash_4.wav,left,472b8045
left/472b8045_nohash_1.wav,left,472b8045
left/cce7416f_nohash_3.wav,left,cce7416f
left/cce7416f_nohash_6.wav,left,cce7416f
left/cce7416f_nohash_2.wav,left,cce7416f
left/cce7416f_nohash_0.wav,left,cce7416f
left/cce7416f_nohash_4.wav,left,cce7416f
left/c1e0e8e3_nohash_0.wav,left,c1e0e8e3
left/c1e0e8e3_nohash_4.wav,left,c1e0e8e3
left/c1e0e8e3_nohash_2.wav,left,c1e0e8e3
left/c1e0e8e3_nohash_1.wav,left,c1e0e8e3
left/c1e0e8e3_nohash_3.wav,left,c1e0e8e3
left/8134f43f_nohash_0.wav,left,8134f43f
left/8134f43f_nohash_2.wav,left,8134f43f
left/8134f43f_nohash_4.wav,left,8134f43f
left/8134f43f_nohash_1.wav,left,8134f43f
left/8134f43f_nohash_3.wav,left,8134f43f
left/cd7f8c1b_nohash_3.wav,left,cd7f8c1b
left/cd7f8c1b_nohash_1.wav,left,cd7f8c1b
left/cd7f8c1b_nohash_4.wav,left,cd7f8c1b
left/cd7f8c1b_nohash_0.wav,left,cd7f8c1b
left/cd7f8c1b_nohash_2.wav,left,cd7f8c1b
left/24befdb3_nohash_2.wav,left,24befdb3
left/24befdb3_nohash_1.wav,left,24befdb3
left/24befdb3_nohash_0.wav,left,24befdb3
left/24befdb3_nohash_3.wav,left,24befdb3
left/24befdb3_nohash_4.wav,left,24befdb3
left/cd671b5f_nohash_4.wav,left,cd671b5f
left/cd671b5f_nohash_3.wav,left,cd671b5f
left/cd671b5f_nohash_2.wav,left,cd671b5f
left/cd671b5f_nohash_1.wav,left,cd671b5f
left/cd671b5f_nohash_0.wav,left,cd671b5f
left/42a99aec_nohash_3.wav,left,42a99aec
left/42a99aec_nohash_4.wav,left,42a99aec
left/42a99aec_nohash_0.wav,left,42a99aec
left/42a99aec_nohash_2.wav,left,42a99aec
left/42a99aec_nohash_1.wav,left,42a99aec
left/a04817c2_nohash_0.wav,left,a04817c2
left/a04817c2_nohash_3.wav,left,a04817c2
left/a04817c2_nohash_1.wav,left,a04817c2
left/a04817c2_nohash_4.wav,left,a04817c2
left/a04817c2_nohash_2.wav,left,a04817c2
left/ddedba85_nohash_6.wav,left,ddedba85
left/ddedba85_nohash_9.wav,left,ddedba85
left/ddedba85_nohash_11.wav,left,ddedba85
left/ddedba85_nohash_8.wav,left,ddedba85
left/ddedba85_nohash_2.wav,left,ddedba85
left/5ebc1cda_nohash_2.wav,left,5ebc1cda
left/5ebc1cda_nohash_3.wav,left,5ebc1cda
left/5ebc1cda_nohash_5.wav,left,5ebc1cda
left/5ebc1cda_nohash_6.wav,left,5ebc1cda
left/5ebc1cda_nohash_4.wav,left,5ebc1cda
left/b4ea0d9a_nohash_0.wav,left,b4ea0d9a
left/b4ea0d9a_nohash_4.wav,left,b4ea0d9a
left/b4ea0d9a_nohash_2.wav,left,b4ea0d9a
left/b4ea0d9a_nohash_1.wav,left,b4ea0d9a
left/b4ea0d9a_nohash_3.wav,left,b4ea0d9a
left/b66f4f93_nohash_0.wav,left,b66f4f93
left/b66f4f93_nohash_1.wav,left,b66f4f93
left/b66f4f93_nohash_6.wav,left,b66f4f93
left/b66f4f93_nohash_4.wav,left,b66f4f93
left/b66f4f93_nohash_2.wav,left,b66f4f93
right/b5cf6ea8_nohash_1.wav,right,b5cf6ea8
right/b5cf6ea8_nohash_0.wav,right,b5cf6ea8
right/b5cf6ea8_nohash_3.wav,right,b5cf6ea8
right/b5cf6ea8_nohash_8.wav,right,b5cf6ea8
right/b5cf6ea8_nohash_2.wav,right,b5cf6ea8
right/5f9cd2eb_nohash_3.wav,right,5f9cd2eb
right/5f9cd2eb_nohash_0.wav,right,5f9cd2eb
right/5f9cd2eb_nohash_6.wav,right,5f9cd2eb
right/5f9cd2eb_nohash_4.wav,right,5f9cd2eb
right/5f9cd2eb_nohash_5.wav,right,5f9cd2eb
right/229978fd_nohash_2.wav,right,229978fd
right/229978fd_nohash_1.wav,right,229978fd
right/229978fd_nohash_3.wav,right,229978fd
right/229978fd_nohash_0.wav,right,229978fd
right/229978fd_nohash_4.wav,right,229978fd
right/c1d39ce8_nohash_1.wav,right,c1d39ce8
right/c1d39ce8_nohash_0.wav,right,c1d39ce8
right/c1d39ce8_nohash_5.wav,right,c1d39ce8
right/c1d39ce8_nohash_2.wav,right,c1d39ce8
right/c1d39ce8_nohash_4.wav,right,c1d39ce8
right/953fe1ad_nohash_1.wav,right,953fe1ad
right/953fe1ad_nohash_4.wav,right,953fe1ad
right/953fe1ad_nohash_0.wav,right,953fe1ad
right/953fe1ad_nohash_2.wav,right,953fe1ad
right/953fe1ad_nohash_3.wav,right,953fe1ad
right/9aa21fa9_nohash_1.wav,right,9aa21fa9
right/9aa21fa9_nohash_0.wav,right,9aa21fa9
right/9aa21fa9_nohash_2.wav,right,9aa21fa9
right/9aa21fa9_nohash_3.wav,right,9aa21fa9
right/9aa21fa9_nohash_4.wav,right,9aa21fa9
right/de89e2ca_nohash_6.wav,right,de89e2ca
right/de89e2ca_nohash_0.wav,right,de89e2ca
right/de89e2ca_nohash_1.wav,right,de89e2ca
right/de89e2ca_nohash_3.wav,right,de89e2ca
right/de89e2ca_nohash_5.wav,right,de89e2ca
right/ef3367d9_nohash_4.wav,right,ef3367d9
right/ef3367d9_nohash_3.wav,right,ef3367d9
right/ef3367d9_nohash_6.wav,right,ef3367d9
right/ef3367d9_nohash_5.wav,right,ef3367d9
right/ef3367d9_nohash_7.wav,right,ef3367d9
right/c22d3f18_nohash_0.wav,right,c22d3f18
right/c22d3f18_nohash_3.wav,right,c22d3f18
right/c22d3f18_nohash_2.wav,right,c22d3f18
right/c22d3f18_nohash_1.wav,right,c22d3f18
right/c22d3f18_nohash_4.wav,right,c22d3f18
right/56eb74ae_nohash_0.wav,right,56eb74ae
right/56eb74ae_nohash_1.wav,right,56eb74ae
right/56eb74ae_nohash_4.wav,right,56eb74ae
right/56eb74ae_nohash_2.wav,right,56eb74ae
right/56eb74ae_nohash_3.wav,right,56eb74ae
right/e1469561_nohash_4.wav,right,e1469561
right/e1469561_nohash_1.wav,right,e1469561
right/e1469561_nohash_3.wav,right,e1469561
right/e1469561_nohash_0.wav,right,e1469561
right/e1469561_nohash_2.wav,right,e1469561
right/28e47b1a_nohash_2.wav,right,28e47b1a
right/28e47b1a_nohash_3.wav,right,28e47b1a
right/28e47b1a_nohash_0.wav,right,28e47b1a
right/28e47b1a_nohash_4.wav,right,28e47b1a
right/28e47b1a_nohash_1.wav,right,28e47b1a
right/eb0676ec_nohash_2.wav,right,eb0676ec
right/eb0676ec_nohash_3.wav,right,eb0676ec
right/eb0676ec_nohash_1.wav,right,eb0676ec
right/eb0676ec_nohash_0.wav,right,eb0676ec
right/eb0676ec_nohash_4.wav,right,eb0676ec
right/9886d8bf_nohash_2.wav,right,9886d8bf
right/9886d8bf_nohash_1.wav,right,9886d8bf
right/9886d8bf_nohash_0.wav,right,9886d8bf
right/9886d8bf_nohash_4.wav,right,9886d8bf
right/9886d8bf_nohash_3.wav,right,9886d8bf
right/8e05039f_nohash_4.wav,right,8e05039f
right/8e05039f_nohash_1.wav,right,8e05039f
right/8e05039f_nohash_2.wav,right,8e05039f
right/8e05039f_nohash_3.wav,right,8e05039f
right/8e05039f_nohash_0.wav,right,8e05039f
right/617de221_nohash_3.wav,right,617de221
right/617de221_nohash_4.wav,right,617de221
right/617de221_nohash_1.wav,right,617de221
right/617de221_nohash_0.wav,right,617de221
right/617de221_nohash_2.wav,right,617de221
right/c948d727_nohash_1.wav,right,c948d727
right/c948d727_nohash_2.wav,right,c948d727
right/c948d727_nohash_4.wav,right,c948d727
right/c948d727_nohash_3.wav,right,c948d727
right/c948d727_nohash_0.wav,right,c948d727
right/179a61b7_nohash_0.wav,right,179a61b7
right/179a61b7_nohash_2.wav,right,179a61b7
right/179a61b7_nohash_4.wav,right,179a61b7
right/179a61b7_nohash_3.wav,right,179a61b7
right/179a61b7_nohash_1.wav,right,179a61b7
right/21832144_nohash_1.wav,right,21832144
right/21832144_nohash_3.wav,right,21832144
right/21832144_nohash_2.wav,right,21832144
right/21832144_nohash_0.wav,right,21832144
right/21832144_nohash_4.wav,right,21832144
right/893705bb_nohash_6.wav,right,893705bb
right/893705bb_nohash_1.wav,right,893705bb
right/893705bb_nohash_8.wav,right,893705bb
right/893705bb_nohash_3.wav,right,893705bb
right/893705bb_nohash_5.wav,right,893705bb
right/1b4c9b89_nohash_3.wav,right,1b4c9b89
right/1b4c9b89_nohash_4.wav,right,1b4c9b89
right/1b4c9b89_nohash_1.wav,right,1b4c9b89
right/1b4c9b89_nohash_0.wav,right,1b4c9b89
right/1b4c9b89_nohash_2.wav,right,1b4c9b89
right/2aca1e72_nohash_0.wav,right,2aca1e72
right/2aca1e72_nohash_3.wav,right,2aca1e72
right/2aca1e72_nohash_4.wav,right,2aca1e72
right/2aca1e72_nohash_1.wav,right,2aca1e72
right/2aca1e72_nohash_2.wav,right,2aca1e72
right/324210dd_nohash_0.wav,right,324210dd
right/324210dd_nohash_4.wav,right,324210dd
right/324210dd_nohash_3.wav,right,324210dd
right/324210dd_nohash_2.wav,right,324210dd
right/324210dd_nohash_1.wav,right,324210dd
right/472b8045_nohash_2.wav,right,472b8045
right/472b8045_nohash_1.wav,right,472b8045
right/472b8045_nohash_4.wav,right,472b8045
right/472b8045_nohash_0.wav,right,472b8045
right/472b8045_nohash_3.wav,right,472b8045
right/cce7416f_nohash_7.wav,right,cce7416f
right/cce7416f_nohash_0.wav,right,cce7416f
right/cce7416f_nohash_10.wav,right,cce7416f
right/cce7416f_nohash_1.wav,right,cce7416f
right/cce7416f_nohash_14.wav,right,cce7416f
right/c1e0e8e3_nohash_0.wav,right,c1e0e8e3
right/c1e0e8e3_nohash_2.wav,right,c1e0e8e3
right/c1e0e8e3_nohash_4.wav,right,c1e0e8e3
right/c1e0e8e3_nohash_1.wav,right,c1e0e8e3
right/c1e0e8e3_nohash_3.wav,right,c1e0e8e3
right/8134f43f_nohash_0.wav,right,8134f43f
right/8134f43f_nohash_1.wav,right,8134f43f
right/8134f43f_nohash_4.wav,right,8134f43f
right/8134f43f_nohash_3.wav,right,8134f43f
right/8134f43f_nohash_2.wav,right,8134f43f
right/cd7f8c1b_nohash_3.wav,right,cd7f8c1b
right/cd7f8c1b_nohash_4.wav,right,cd7f8c1b
right/cd7f8c1b_nohash_2.wav,right,cd7f8c1b
right/cd7f8c1b_nohash_0.wav,right,cd7f8c1b
right/cd7f8c1b_nohash_1.wav,right,cd7f8c1b
right/24befdb3_nohash_2.wav,right,24befdb3
right/24befdb3_nohash_0.wav,right,24befdb3
right/24befdb3_nohash_3.wav,right,24befdb3
right/24befdb3_nohash_1.wav,right,24befdb3
right/24befdb3_nohash_4.wav,right,24befdb3
right/cd671b5f_nohash_1.wav,right,cd671b5f
right/cd671b5f_nohash_4.wav,right,cd671b5f
right/cd671b5f_nohash_3.wav,right,cd671b5f
right/cd671b5f_nohash_0.wav,right,cd671b5f
right/cd671b5f_nohash_2.wav,right,cd671b5f
right/42a99aec_nohash_4.wav,right,42a99aec
right/42a99aec_nohash_3.wav,right,42a99aec
right/42a99aec_nohash_1.wav,right,42a99aec
right/42a99aec_nohash_0.wav,right,42a99aec
right/42a99aec_nohash_2.wav,right,42a99aec
right/a04817c2_nohash_4.wav,right,a04817c2
right/a04817c2_nohash_2.wav,right,a04817c2
right/a04817c2_nohash_3.wav,right,a04817c2
right/a04817c2_nohash_1.wav,right,a04817c2
right/a04817c2_nohash_0.wav,right,a04817c2
right/ddedba85_nohash_5.wav,right,ddedba85
right/ddedba85_nohash_2.wav,right,ddedba85
right/ddedba85_nohash_4.wav,right,ddedba85
right/ddedba85_nohash_1.wav,right,ddedba85
right/ddedba85_nohash_0.wav,right,ddedba85
right/5ebc1cda_nohash_0.wav,right,5ebc1cda
right/5ebc1cda_nohash_4.wav,right,5ebc1cda
right/5ebc1cda_nohash_6.wav,right,5ebc1cda
right/5ebc1cda_nohash_1.wav,right,5ebc1cda
right/5ebc1cda_nohash_2.wav,right,5ebc1cda
right/b4ea0d9a_nohash_4.wav,right,b4ea0d9a
right/b4ea0d9a_nohash_0.wav,right,b4ea0d9a
right/b4ea0d9a_nohash_2.wav,right,b4ea0d9a
right/b4ea0d9a_nohash_1.wav,right,b4ea0d9a
right/b4ea0d9a_nohash_5.wav,right,b4ea0d9a
right/b66f4f93_nohash_7.wav,right,b66f4f93
right/b66f4f93_nohash_4.wav,right,b66f4f93
right/b66f4f93_nohash_8.wav,right,b66f4f93
right/b66f4f93_nohash_3.wav,right,b66f4f93
right/b66f4f93_nohash_2.wav,right,b66f4f93
on/b5cf6ea8_nohash_2.wav,on,b5cf6ea8
on/b5cf6ea8_nohash_4.wav,on,b5cf6ea8
on/b5cf6ea8_nohash_1.wav,on,b5cf6ea8
on/b5cf6ea8_nohash_0.wav,on,b5cf6ea8
on/b5cf6ea8_nohash_6.wav,on,b5cf6ea8
on/5f9cd2eb_nohash_4.wav,on,5f9cd2eb
on/5f9cd2eb_nohash_2.wav,on,5f9cd2eb
on/5f9cd2eb_nohash_1.wav,on,5f9cd2eb
on/5f9cd2eb_nohash_0.wav,on,5f9cd2eb
on/5f9cd2eb_nohash_5.wav,on,5f9cd2eb
on/229978fd_nohash_4.wav,on,229978fd
on/229978fd_nohash_1.wav,on,229978fd
on/229978fd_nohash_0.wav,on,229978fd
on/229978fd_nohash_2.wav,on,229978fd
on/229978fd_nohash_3.wav,on,229978fd
on/c1d39ce8_nohash_7.wav,on,c1d39ce8
on/c1d39ce8_nohash_2.wav,on,c1d39ce8
on/c1d39ce8_nohash_6.wav,on,c1d39ce8
on/c1d39ce8_nohash_4.wav,on,c1d39ce8
on/c1d39ce8_nohash_1.wav,on,c1d39ce8
on/953fe1ad_nohash_2.wav,on,953fe1ad
on/953fe1ad_nohash_1.wav,on,953fe1ad
on/953fe1ad_nohash_3.wav,on,953fe1ad
on/953fe1ad_nohash_0.wav,on,953fe1ad
on/953fe1ad_nohash_4.wav,on,953fe1ad
on/9aa21fa9_nohash_2.wav,on,9aa21fa9
on/9aa21fa9_nohash_1.wav,on,9aa21fa9
on/9aa21fa9_nohash_0.wav,on,9aa21fa9
on/9aa21fa9_nohash_3.wav,on,9aa21fa9
on/9aa21fa9_nohash_4.wav,on,9aa21fa9
on/de89e2ca_nohash_4.wav,on,de89e2ca
on/de89e2ca_nohash_2.wav,on,de89e2ca
on/de89e2ca_nohash_0.wav,on,de89e2ca
on/de89e2ca_nohash_1.wav,on,de89e2ca
on/de89e2ca_nohash_3.wav,on,de89e2ca
on/ef3367d9_nohash_0.wav,on,ef3367d9
on/ef3367d9_nohash_2.wav,on,ef3367d9
on/ef3367d9_nohash_1.wav,on,ef3367d9
on/ef3367d9_nohash_3.wav,on,ef3367d9
on/ef3367d9_nohash_6.wav,on,ef3367d9
on/c22d3f18_nohash_4.wav,on,c22d3f18
on/c22d3f18_nohash_3.wav,on,c22d3f18
on/c22d3f18_nohash_1.wav,on,c22d3f18
on/c22d3f18_nohash_0.wav,on,c22d3f18
on/c22d3f18_nohash_2.wav,on,c22d3f18
on/56eb74ae_nohash_2.wav,on,56eb74ae
on/56eb74ae_nohash_3.wav,on,56eb74ae
on/56eb74ae_nohash_0.wav,on,56eb74ae
on/56eb74ae_nohash_1.wav,on,56eb74ae
on/56eb74ae_nohash_4.wav,on,56eb74ae
on/e1469561_nohash_1.wav,on,e1469561
on/e1469561_nohash_4.wav,on,e1469561
on/e1469561_nohash_0.wav,on,e1469561
on/e1469561_nohash_3.wav,on,e1469561
on/e1469561_nohash_2.wav,on,e1469561
on/28e47b1a_nohash_3.wav,on,28e47b1a
on/28e47b1a_nohash_2.wav,on,28e47b1a
on/28e47b1a_nohash_0.wav,on,28e47b1a
on/28e47b1a_nohash_4.wav,on,28e47b1a
on/28e47b1a_nohash_1.wav,on,28e47b1a
on/eb0676ec_nohash_4.wav,on,eb0676ec
on/eb0676ec_nohash_2.wav,on,eb0676ec
on/eb0676ec_nohash_3.wav,on,eb0676ec
on/eb0676ec_nohash_1.wav,on,eb0676ec
on/eb0676ec_nohash_0.wav,on,eb0676ec
on/9886d8bf_nohash_4.wav,on,9886d8bf
on/9886d8bf_nohash_1.wav,on,9886d8bf
on/9886d8bf_nohash_0.wav,on,9886d8bf
on/9886d8bf_nohash_2.wav,on,9886d8bf
on/9886d8bf_nohash_3.wav,on,9886d8bf
on/8e05039f_nohash_3.wav,on,8e05039f
on/8e05039f_nohash_0.wav,on,8e05039f
on/8e05039f_nohash_4.wav,on,8e05039f
on/8e05039f_nohash_2.wav,on,8e05039f
on/8e05039f_nohash_1.wav,on,8e05039f
on/617de221_nohash_3.wav,on,617de221
on/617de221_nohash_0.wav,on,617de221
on/617de221_nohash_1.wav,on,617de221
on/617de221_nohash_4.wav,on,617de221
on/617de221_nohash_2.wav,on,617de221
on/c948d727_nohash_1.wav,on,c948d727
on/c948d727_nohash_0.wav,on,c948d727
on/c948d727_nohash_4.wav,on,c948d727
on/c948d727_nohash_2.wav,on,c948d727
on/c948d727_nohash_3.wav,on,c948d727
on/179a61b7_nohash_2.wav,on,179a61b7
on/179a61b7_nohash_3.wav,on,179a61b7
on/179a61b7_nohash_4.wav,on,179a61b7
on/179a61b7_nohash_0.wav,on,179a61b7
on/179a61b7_nohash_1.wav,on,179a61b7
on/21832144_nohash_3.wav,on,21832144
on/21832144_nohash_1.wav,on,21832144
on/21832144_nohash_2.wav,on,21832144
on/21832144_nohash_0.wav,on,21832144
on/21832144_nohash_4.wav,on,21832144
on/893705bb_nohash_5.wav,on,893705bb
on/893705bb_nohash_0.wav,on,893705bb
on/893705bb_nohash_10.wav,on,893705bb
on/893705bb_nohash_13.wav,on,893705bb
on/893705bb_nohash_1.wav,on,893705bb
on/1b4c9b89_nohash_0.wav,on,1b4c9b89
on/1b4c9b89_nohash_4.wav,on,1b4c9b89
on/1b4c9b89_nohash_2.wav,on,1b4c9b89
on/1b4c9b89_nohash_3.wav,on,1b4c9b89
on/1b4c9b89_nohash_1.wav,on,1b4c9b89
on/2aca1e72_nohash_2.wav,on,2aca1e72
on/2aca1e72_nohash_4.wav,on,2aca1e72
on/2aca1e72_nohash_1.wav,on,2aca1e72
on/2aca1e72_nohash_0.wav,on,2aca1e72
on/2aca1e72_nohash_5.wav,on,2aca1e72
on/324210dd_nohash_4.wav,on,324210dd
on/324210dd_nohash_0.wav,on,324210dd
on/324210dd_nohash_2.wav,on,324210dd
on/324210dd_nohash_3.wav,on,324210dd
on/324210dd_nohash_1.wav,on,324210dd
on/472b8045_nohash_0.wav,on,472b8045
on/472b8045_nohash_3.wav,on,472b8045
on/472b8045_nohash_4.wav,on,472b8045
on/472b8045_nohash_1.wav,on,472b8045
on/472b8045_nohash_2.wav,on,472b8045
on/cce7416f_nohash_4.wav,on,cce7416f
on/cce7416f_nohash_0.wav,on,cce7416f
on/cce7416f_nohash_2.wav,on,cce7416f
on/cce7416f_nohash_8.wav,on,cce7416f
on/cce7416f_nohash_6.wav,on,cce7416f
on/c1e0e8e3_nohash_2.wav,on,c1e0e8e3
on/c1e0e8e3_nohash_3.wav,on,c1e0e8e3
on/c1e0e8e3_nohash_4.wav,on,c1e0e8e3
on/c1e0e8e3_nohash_0.wav,on,c1e0e8e3
on/c1e0e8e3_nohash_1.wav,on,c1e0e8e3
on/8134f43f_nohash_3.wav,on,8134f43f
on/8134f43f_nohash_1.wav,on,8134f43f
on/8134f43f_nohash_4.wav,on,8134f43f
on/8134f43f_nohash_2.wav,on,8134f43f
on/8134f43f_nohash_0.wav,on,8134f43f
on/cd7f8c1b_nohash_3.wav,on,cd7f8c1b
on/cd7f8c1b_nohash_4.wav,on,cd7f8c1b
on/cd7f8c1b_nohash_2.wav,on,cd7f8c1b
on/cd7f8c1b_nohash_0.wav,on,cd7f8c1b
on/cd7f8c1b_nohash_1.wav,on,cd7f8c1b
on/24befdb3_nohash_3.wav,on,24befdb3
on/24befdb3_nohash_4.wav,on,24befdb3
on/24befdb3_nohash_0.wav,on,24befdb3
on/24befdb3_nohash_1.wav,on,24befdb3
on/24befdb3_nohash_2.wav,on,24befdb3
on/cd671b5f_nohash_0.wav,on,cd671b5f
on/cd671b5f_nohash_4.wav,on,cd671b5f
on/cd671b5f_nohash_1.wav,on,cd671b5f
on/cd671b5f_nohash_2.wav,on,cd671b5f
on/cd671b5f_nohash_3.wav,on,cd671b5f
on/42a99aec_nohash_1.wav,on,42a99aec
on/42a99aec_nohash_4.wav,on,42a99aec
on/42a99aec_nohash_2.wav,on,42a99aec
on/42a99aec_nohash_3.wav,on,42a99aec
on/42a99aec_nohash_0.wav,on,42a99aec
on/a04817c2_nohash_2.wav,on,a04817c2
on/a04817c2_nohash_1.wav,on,a04817c2
on/a04817c2_nohash_4.wav,on,a04817c2
on/a04817c2_nohash_0.wav,on,a04817c2
on/a04817c2_nohash_3.wav,on,a04817c2
on/ddedba85_nohash_7.wav,on,ddedba85
on/ddedba85_nohash_8.wav,on,ddedba85
on/ddedba85_nohash_5.wav,on,ddedba85
on/ddedba85_nohash_9.wav,on,ddedba85
on/ddedba85_nohash_4.wav,on,ddedba85
on/5ebc1cda_nohash_1.wav,on,5ebc1cda
on/5ebc1cda_nohash_3.wav,on,5ebc1cda
on/5ebc1cda_nohash_5.wav,on,5ebc1cda
on/5ebc1cda_nohash_0.wav,on,5ebc1cda
on/5ebc1cda_nohash_2.wav,on,5ebc1cda
on/b4ea0d9a_nohash_6.wav,on,b4ea0d9a
on/b4ea0d9a_nohash_3.wav,on,b4ea0d9a
on/b4ea0d9a_nohash_5.wav,on,b4ea0d9a
on/b4ea0d9a_nohash_4.wav,on,b4ea0d9a
on/b4ea0d9a_nohash_2.wav,on,b4ea0d9a
on/b66f4f93_nohash_0.wav,on,b66f4f93
on/b66f4f93_nohash_4.wav,on,b66f4f93
on/b66f4f93_nohash_5.wav,on,b66f4f93
on/b66f4f93_nohash_8.wav,on,b66f4f93
on/b66f4f93_nohash_2.wav,on,b66f4f93
off/b5cf6ea8_nohash_2.wav,off,b5cf6ea8
off/b5cf6ea8_nohash_5.wav,off,b5cf6ea8
off/b5cf6ea8_nohash_3.wav,off,b5cf6ea8
off/b5cf6ea8_nohash_6.wav,off,b5cf6ea8
off/b5cf6ea8_nohash_0.wav,off,b5cf6ea8
off/5f9cd2eb_nohash_2.wav,off,5f9cd2eb
off/5f9cd2eb_nohash_5.wav,off,5f9cd2eb
off/5f9cd2eb_nohash_3.wav,off,5f9cd2eb
off/5f9cd2eb_nohash_1.wav,off,5f9cd2eb
off/5f9cd2eb_nohash_0.wav,off,5f9cd2eb
off/229978fd_nohash_3.wav,off,229978fd
off/229978fd_nohash_2.wav,off,229978fd
off/229978fd_nohash_4.wav,off,229978fd
off/229978fd_nohash_0.wav,off,229978fd
off/229978fd_nohash_1.wav,off,229978fd
off/c1d39ce8_nohash_0.wav,off,c1d39ce8
off/c1d39ce8_nohash_7.wav,off,c1d39ce8
off/c1d39ce8_nohash_9.wav,off,c1d39ce8
off/c1d39ce8_nohash_1.wav,off,c1d39ce8
off/c1d39ce8_nohash_8.wav,off,c1d39ce8
off/953fe1ad_nohash_4.wav,off,953fe1ad
off/953fe1ad_nohash_3.wav,off,953fe1ad
off/953fe1ad_nohash_1.wav,off,953fe1ad
off/953fe1ad_nohash_0.wav,off,953fe1ad
off/953fe1ad_nohash_2.wav,off,953fe1ad
off/9aa21fa9_nohash_3.wav,off,9aa21fa9
off/9aa21fa9_nohash_2.wav,off,9aa21fa9
off/9aa21fa9_nohash_4.wav,off,9aa21fa9
off/9aa21fa9_nohash_1.wav,off,9aa21fa9
off/9aa21fa9_nohash_0.wav,off,9aa21fa9
off/de89e2ca_nohash_2.wav,off,de89e2ca
off/de89e2ca_nohash_5.wav,off,de89e2ca
off/de89e2ca_nohash_3.wav,off,de89e2ca
off/de89e2ca_nohash_4.wav,off,de89e2ca
off/de89e2ca_nohash_0.wav,off,de89e2ca
off/ef3367d9_nohash_7.wav,off,ef3367d9
off/ef3367d9_nohash_2.wav,off,ef3367d9
off/ef3367d9_nohash_6.wav,off,ef3367d9
off/ef3367d9_nohash_0.wav,off,ef3367d9
off/ef3367d9_nohash_1.wav,off,ef3367d9
off/c22d3f18_nohash_4.wav,off,c22d3f18
off/c22d3f18_nohash_1.wav,off,c22d3f18
off/c22d3f18_nohash_0.wav,off,c22d3f18
off/c22d3f18_nohash_3.wav,off,c22d3f18
off/c22d3f18_nohash_2.wav,off,c22d3f18
off/56eb74ae_nohash_4.wav,off,56eb74ae
off/56eb74ae_nohash_1.wav,off,56eb74ae
off/56eb74ae_nohash_2.wav,off,56eb74ae
off/56eb74ae_nohash_3.wav,off,56eb74ae
off/56eb74ae_nohash_0.wav,off,56eb74ae
off/e1469561_nohash_1.wav,off,e1469561
off/e1469561_nohash_0.wav,off,e1469561
off/e1469561_nohash_4.wav,off,e1469561
off/e1469561_nohash_2.wav,off,e1469561
off/e1469561_nohash_3.wav,off,e1469561
off/28e47b1a_nohash_4.wav,off,28e47b1a
off/28e47b1a_nohash_1.wav,off,28e47b1a
off/28e47b1a_nohash_2.wav,off,28e47b1a
off/28e47b1a_nohash_0.wav,off,28e47b1a
off/28e47b1a_nohash_3.wav,off,28e47b1a
off/eb0676ec_nohash_2.wav,off,eb0676ec
off/eb0676ec_nohash_4.wav,off,eb0676ec
off/eb0676ec_nohash_1.wav,off,eb0676ec
off/eb0676ec_nohash_0.wav,off,eb0676ec
off/eb0676ec_nohash_3.wav,off,eb0676ec
off/9886d8bf_nohash_3.wav,off,9886d8bf
off/9886d8bf_nohash_1.wav,off,9886d8bf
off/9886d8bf_nohash_2.wav,off,9886d8bf
off/9886d8bf_nohash_4.wav,off,9886d8bf
off/9886d8bf_nohash_0.wav,off,9886d8bf
off/8e05039f_nohash_4.wav,off,8e05039f
off/8e05039f_nohash_3.wav,off,8e05039f
off/8e05039f_nohash_2.wav,off,8e05039f
off/8e05039f_nohash_1.wav,off,8e05039f
off/8e05039f_nohash_0.wav,off,8e05039f
off/617de221_nohash_4.wav,off,617de221
off/617de221_nohash_3.wav,off,617de221
off/617de221_nohash_0.wav,off,617de221
off/617de221_nohash_2.wav,off,617de221
off/617de221_nohash_1.wav,off,617de221
off/c948d727_nohash_0.wav,off,c948d727
off/c948d727_nohash_2.wav,off,c948d727
off/c948d727_nohash_4.wav,off,c948d727
off/c948d727_nohash_1.wav,off,c948d727
off/c948d727_nohash_3.wav,off,c948d727
off/179a61b7_nohash_3.wav,off,179a61b7
off/179a61b7_nohash_4.wav,off,179a61b7
off/179a61b7_nohash_1.wav,off,179a61b7
off/179a61b7_nohash_2.wav,off,179a61b7
off/179a61b7_nohash_0.wav,off,179a61b7
off/21832144_nohash_4.wav,off,21832144
off/21832144_nohash_0.wav,off,21832144
off/21832144_nohash_1.wav,off,21832144
off/21832144_nohash_3.wav,off,21832144
off/21832144_nohash_2.wav,off,21832144
off/893705bb_nohash_1.wav,off,893705bb
off/893705bb_nohash_5.wav,off,893705bb
off/893705bb_nohash_0.wav,off,893705bb
off/893705bb_nohash_4.wav,off,893705bb
off/893705bb_nohash_3.wav,off,893705bb
off/1b4c9b89_nohash_1.wav,off,1b4c9b89
off/1b4c9b89_nohash_0.wav,off,1b4c9b89
off/1b4c9b89_nohash_2.wav,off,1b4c9b89
off/1b4c9b89_nohash_4.wav,off,1b4c9b89
off/1b4c9b89_nohash_3.wav,off,1b4c9b89
off/2aca1e72_nohash_2.wav,off,2aca1e72
off/2aca1e72_nohash_5.wav,off,2aca1e72
off/2aca1e72_nohash_0.wav,off,2aca1e72
off/2aca1e72_nohash_4.wav,off,2aca1e72
off/2aca1e72_nohash_7.wav,off,2aca1e72
off/324210dd_nohash_4.wav,off,324210dd
off/324210dd_nohash_2.wav,off,324210dd
off/324210dd_nohash_1.wav,off,324210dd
off/324210dd_nohash_3.wav,off,324210dd
off/324210dd_nohash_0.wav,off,324210dd
off/472b8045_nohash_0.wav,off,472b8045
off/472b8045_nohash_3.wav,off,472b8045
off/472b8045_nohash_4.wav,off,472b8045
off/472b8045_nohash_1.wav,off,472b8045
off/472b8045_nohash_2.wav,off,472b8045
off/cce7416f_nohash_3.wav,off,cce7416f
off/cce7416f_nohash_4.wav,off,cce7416f
off/cce7416f_nohash_9.wav,off,cce7416f
off/cce7416f_nohash_8.wav,off,cce7416f
off/cce7416f_nohash_0.wav,off,cce7416f
off/c1e0e8e3_nohash_4.wav,off,c1e0e8e3
off/c1e0e8e3_nohash_1.wav,off,c1e0e8e3
off/c1e0e8e3_nohash_0.wav,off,c1e0e8e3
off/c1e0e8e3_nohash_2.wav,off,c1e0e8e3
off/c1e0e8e3_nohash_3.wav,off,c1e0e8e3
off/8134f43f_nohash_4.wav,off,8134f43f
off/8134f43f_nohash_3.wav,off,8134f43f
off/8134f43f_nohash_1.wav,off,8134f43f
off/8134f43f_nohash_0.wav,off,8134f43f
off/8134f43f_nohash_2.wav,off,8134f43f
off/cd7f8c1b_nohash_4.wav,off,cd7f8c1b
off/cd7f8c1b_nohash_1.wav,off,cd7f8c1b
off/cd7f8c1b_nohash_2.wav,off,cd7f8c1b
off/cd7f8c1b_nohash_3.wav,off,cd7f8c1b
off/cd7f8c1b_nohash_0.wav,off,cd7f8c1b
off/24befdb3_nohash_2.wav,off,24befdb3
off/24befdb3_nohash_4.wav,off,24befdb3
off/24befdb3_nohash_1.wav,off,24befdb3
off/24befdb3_nohash_0.wav,off,24befdb3
off/24befdb3_nohash_3.wav,off,24befdb3
off/cd671b5f_nohash_1.wav,off,cd671b5f
off/cd671b5f_nohash_2.wav,off,cd671b5f
off/cd671b5f_nohash_3.wav,off,cd671b5f
off/cd671b5f_nohash_0.wav,off,cd671b5f
off/cd671b5f_nohash_4.wav,off,cd671b5f
off/42a99aec_nohash_3.wav,off,42a99aec
off/42a99aec_nohash_0.wav,off,42a99aec
off/42a99aec_nohash_2.wav,off,42a99aec
off/42a99aec_nohash_1.wav,off,42a99aec
off/42a99aec_nohash_4.wav,off,42a99aec
off/a04817c2_nohash_3.wav,off,a04817c2
off/a04817c2_nohash_0.wav,off,a04817c2
off/a04817c2_nohash_1.wav,off,a04817c2
off/a04817c2_nohash_4.wav,off,a04817c2
off/a04817c2_nohash_2.wav,off,a04817c2
off/ddedba85_nohash_1.wav,off,ddedba85
off/ddedba85_nohash_5.wav,off,ddedba85
off/ddedba85_nohash_0.wav,off,ddedba85
off/ddedba85_nohash_4.wav,off,ddedba85
off/ddedba85_nohash_3.wav,off,ddedba85
off/5ebc1cda_nohash_4.wav,off,5ebc1cda
off/5ebc1cda_nohash_3.wav,off,5ebc1cda
off/5ebc1cda_nohash_1.wav,off,5ebc1cda
off/5ebc1cda_nohash_5.wav,off,5ebc1cda
off/5ebc1cda_nohash_6.wav,off,5ebc1cda
off/b4ea0d9a_nohash_1.wav,off,b4ea0d9a
off/b4ea0d9a_nohash_4.wav,off,b4ea0d9a
off/b4ea0d9a_nohash_0.wav,off,b4ea0d9a
off/b4ea0d9a_nohash_3.wav,off,b4ea0d9a
off/b4ea0d9a_nohash_2.wav,off,b4ea0d9a
off/b66f4f93_nohash_0.wav,off,b66f4f93
off/b66f4f93_nohash_4.wav,off,b66f4f93
off/b66f4f93_nohash_6.wav,off,b66f4f93
off/b66f4f93_nohash_5.wav,off,b66f4f93
off/b66f4f93_nohash_1.wav,off,b66f4f93
stop/b5cf6ea8_nohash_6.wav,stop,b5cf6ea8
stop/b5cf6ea8_nohash_1.wav,stop,b5cf6ea8
stop/b5cf6ea8_nohash_2.wav,stop,b5cf6ea8
stop/b5cf6ea8_nohash_3.wav,stop,b5cf6ea8
stop/b5cf6ea8_nohash_4.wav,stop,b5cf6ea8
stop/5f9cd2eb_nohash_4.wav,stop,5f9cd2eb
stop/5f9cd2eb_nohash_1.wav,stop,5f9cd2eb
stop/5f9cd2eb_nohash_2.wav,stop,5f9cd2eb
stop/5f9cd2eb_nohash_5.wav,stop,5f9cd2eb
stop/5f9cd2eb_nohash_0.wav,stop,5f9cd2eb
stop/229978fd_nohash_4.wav,stop,229978fd
stop/229978fd_nohash_2.wav,stop,229978fd
stop/229978fd_nohash_1.wav,stop,229978fd
stop/229978fd_nohash_0.wav,stop,229978fd
stop/229978fd_nohash_3.wav,stop,229978fd
stop/c1d39ce8_nohash_0.wav,stop,c1d39ce8
stop/c1d39ce8_nohash_6.wav,stop,c1d39ce8
stop/c1d39ce8_nohash_2.wav,stop,c1d39ce8
stop/c1d39ce8_nohash_3.wav,stop,c1d39ce8
stop/c1d39ce8_nohash_9.wav,stop,c1d39ce8
stop/953fe1ad_nohash_3.wav,stop,953fe1ad
stop/953fe1ad_nohash_4.wav,stop,953fe1ad
stop/953fe1ad_nohash_0.wav,stop,953fe1ad
stop/953fe1ad_nohash_2.wav,stop,953fe1ad
stop/953fe1ad_nohash_1.wav,stop,953fe1ad
stop/9aa21fa9_nohash_1.wav,stop,9aa21fa9
stop/9aa21fa9_nohash_3.wav,stop,9aa21fa9
stop/9aa21fa9_nohash_4.wav,stop,9aa21fa9
stop/9aa21fa9_nohash_2.wav,stop,9aa21fa9
stop/9aa21fa9_nohash_0.wav,stop,9aa21fa9
stop/de89e2ca_nohash_0.wav,stop,de89e2ca
stop/de89e2ca_nohash_4.wav,stop,de89e2ca
stop/de89e2ca_nohash_2.wav,stop,de89e2ca
stop/de89e2ca_nohash_1.wav,stop,de89e2ca
stop/de89e2ca_nohash_3.wav,stop,de89e2ca
stop/ef3367d9_nohash_6.wav,stop,ef3367d9
stop/ef3367d9_nohash_3.wav,stop,ef3367d9
stop/ef3367d9_nohash_0.wav,stop,ef3367d9
stop/ef3367d9_nohash_1.wav,stop,ef3367d9
stop/ef3367d9_nohash_5.wav,stop,ef3367d9
stop/c22d3f18_nohash_3.wav,stop,c22d3f18
stop/c22d3f18_nohash_4.wav,stop,c22d3f18
stop/c22d3f18_nohash_1.wav,stop,c22d3f18
stop/c22d3f18_nohash_0.wav,stop,c22d3f18
stop/c22d3f18_nohash_2.wav,stop,c22d3f18
stop/56eb74ae_nohash_2.wav,stop,56eb74ae
stop/56eb74ae_nohash_3.wav,stop,56eb74ae
stop/56eb74ae_nohash_1.wav,stop,56eb74ae
stop/56eb74ae_nohash_4.wav,stop,56eb74ae
stop/56eb74ae_nohash_0.wav,stop,56eb74ae
stop/e1469561_nohash_1.wav,stop,e1469561
stop/e1469561_nohash_3.wav,stop,e1469561
stop/e1469561_nohash_0.wav,stop,e1469561
stop/e1469561_nohash_2.wav,stop,e1469561
stop/e1469561_nohash_4.wav,stop,e1469561
stop/28e47b1a_nohash_2.wav,stop,28e47b1a
stop/28e47b1a_nohash_3.wav,stop,28e47b1a
stop/28e47b1a_nohash_1.wav,stop,28e47b1a
stop/28e47b1a_nohash_0.wav,stop,28e47b1a
stop/28e47b1a_nohash_4.wav,stop,28e47b1a
stop/eb0676ec_nohash_3.wav,stop,eb0676ec
stop/eb0676ec_nohash_0.wav,stop,eb0676ec
stop/eb0676ec_nohash_2.wav,stop,eb0676ec
stop/eb0676ec_nohash_4.wav,stop,eb0676ec
stop/eb0676ec_nohash_1.wav,stop,eb0676ec
stop/9886d8bf_nohash_0.wav,stop,9886d8bf
stop/9886d8bf_nohash_2.wav,stop,9886d8bf
stop/9886d8bf_nohash_4.wav,stop,9886d8bf
stop/9886d8bf_nohash_1.wav,stop,9886d8bf
stop/9886d8bf_nohash_3.wav,stop,9886d8bf
stop/8e05039f_nohash_4.wav,stop,8e05039f
stop/8e05039f_nohash_0.wav,stop,8e05039f
stop/8e05039f_nohash_2.wav,stop,8e05039f
stop/8e05039f_nohash_3.wav,stop,8e05039f
stop/8e05039f_nohash_1.wav,stop,8e05039f
stop/617de221_nohash_2.wav,stop,617de221
stop/617de221_nohash_3.wav,stop,617de221
stop/617de221_nohash_1.wav,stop,617de221
stop/617de221_nohash_4.wav,stop,617de221
stop/617de221_nohash_0.wav,stop,617de221
stop/c948d727_nohash_2.wav,stop,c948d727
stop/c948d727_nohash_1.wav,stop,c948d727
stop/c948d727_nohash_0.wav,stop,c948d727
stop/c948d727_nohash_3.wav,stop,c948d727
stop/c948d727_nohash_4.wav,stop,c948d727
stop/179a61b7_nohash_0.wav,stop,179a61b7
stop/179a61b7_nohash_1.wav,stop,179a61b7
stop/179a61b7_nohash_4.wav,stop,179a61b7
stop/179a61b7_nohash_2.wav,stop,179a61b7
stop/179a61b7_nohash_3.wav,stop,179a61b7
stop/21832144_nohash_1.wav,stop,21832144
stop/21832144_nohash_0.wav,stop,21832144
stop/21832144_nohash_4.wav,stop,21832144
stop/21832144_nohash_3.wav,stop,21832144
stop/21832144_nohash_2.wav,stop,21832144
stop/893705bb_nohash_7.wav,stop,893705bb
stop/893705bb_nohash_14.wav,stop,893705bb
stop/893705bb_nohash_20.wav,stop,893705bb
stop/893705bb_nohash_16.wav,stop,893705bb
stop/893705bb_nohash_4.wav,stop,893705bb
stop/1b4c9b89_nohash_1.wav,stop,1b4c9b89
stop/1b4c9b89_nohash_4.wav,stop,1b4c9b89
stop/1b4c9b89_nohash_3.wav,stop,1b4c9b89
stop/1b4c9b89_nohash_2.wav,stop,1b4c9b89
stop/1b4c9b89_nohash_0.wav,stop,1b4c9b89
stop/2aca1e72_nohash_2.wav,stop,2aca1e72
stop/2aca1e72_nohash_5.wav,stop,2aca1e72
stop/2aca1e72_nohash_1.wav,stop,2aca1e72
stop/2aca1e72_nohash_0.wav,stop,2aca1e72
stop/2aca1e72_nohash_8.wav,stop,2aca1e72
stop/324210dd_nohash_2.wav,stop,324210dd
stop/324210dd_nohash_4.wav,stop,324210dd
stop/324210dd_nohash_3.wav,stop,324210dd
stop/324210dd_nohash_1.wav,stop,324210dd
stop/324210dd_nohash_0.wav,stop,324210dd
stop/472b8045_nohash_0.wav,stop,472b8045
stop/472b8045_nohash_4.wav,stop,472b8045
stop/472b8045_nohash_2.wav,stop,472b8045
stop/472b8045_nohash_3.wav,stop,472b8045
stop/472b8045_nohash_1.wav,stop,472b8045
stop/cce7416f_nohash_4.wav,stop,cce7416f
stop/cce7416f_nohash_3.wav,stop,cce7416f
stop/cce7416f_nohash_10.wav,stop,cce7416f
stop/cce7416f_nohash_9.wav,stop,cce7416f
stop/cce7416f_nohash_0.wav,stop,cce7416f
stop/c1e0e8e3_nohash_1.wav,stop,c1e0e8e3
stop/c1e0e8e3_nohash_3.wav,stop,c1e0e8e3
stop/c1e0e8e3_nohash_4.wav,stop,c1e0e8e3
stop/c1e0e8e3_nohash_0.wav,stop,c1e0e8e3
stop/c1e0e8e3_nohash_2.wav,stop,c1e0e8e3
stop/8134f43f_nohash_2.wav,stop,8134f43f
stop/8134f43f_nohash_0.wav,stop,8134f43f
stop/8134f43f_nohash_3.wav,stop,8134f43f
stop/8134f43f_nohash_4.wav,stop,8134f43f
stop/8134f43f_nohash_1.wav,stop,8134f43f
stop/cd7f8c1b_nohash_3.wav,stop,cd7f8c1b
stop/cd7f8c1b_nohash_4.wav,stop,cd7f8c1b
stop/cd7f8c1b_nohash_1.wav,stop,cd7f8c1b
stop/cd7f8c1b_nohash_0.wav,stop,cd7f8c1b
stop/cd7f8c1b_nohash_2.wav,stop,cd7f8c1b
stop/24befdb3_nohash_4.wav,stop,24befdb3
stop/24befdb3_nohash_2.wav,stop,24befdb3
stop/24befdb3_nohash_1.wav,stop,24befdb3
stop/24befdb3_nohash_3.wav,stop,24befdb3
stop/24befdb3_nohash_0.wav,stop,24befdb3
stop/cd671b5f_nohash_3.wav,stop,cd671b5f
stop/cd671b5f_nohash_1.wav,stop,cd671b5f
stop/cd671b5f_nohash_0.wav,stop,cd671b5f
stop/cd671b5f_nohash_2.wav,stop,cd671b5f
stop/cd671b5f_nohash_4.wav,stop,cd671b5f
stop/42a99aec_nohash_0.wav,stop,42a99aec
stop/42a99aec_nohash_2.wav,stop,42a99aec
stop/42a99aec_nohash_1.wav,stop,42a99aec
stop/42a99aec_nohash_4.wav,stop,42a99aec
stop/42a99aec_nohash_3.wav,stop,42a99aec
stop/a04817c2_nohash_2.wav,stop,a04817c2
stop/a04817c2_nohash_3.wav,stop,a04817c2
stop/a04817c2_nohash_4.wav,stop,a04817c2
stop/a04817c2_nohash_0.wav,stop,a04817c2
stop/a04817c2_nohash_1.wav,stop,a04817c2
stop/ddedba85_nohash_1.wav,stop,ddedba85
stop/ddedba85_nohash_3.wav,stop,ddedba85
stop/ddedba85_nohash_2.wav,stop,ddedba85
stop/ddedba85_nohash_0.wav,stop,ddedba85
stop/ddedba85_nohash_4.wav,stop,ddedba85
stop/5ebc1cda_nohash_2.wav,stop,5ebc1cda
stop/5ebc1cda_nohash_0.wav,stop,5ebc1cda
stop/5ebc1cda_nohash_3.wav,stop,5ebc1cda
stop/5ebc1cda_nohash_6.wav,stop,5ebc1cda
stop/5ebc1cda_nohash_4.wav,stop,5ebc1cda
stop/b4ea0d9a_nohash_4.wav,stop,b4ea0d9a
stop/b4ea0d9a_nohash_6.wav,stop,b4ea0d9a
stop/b4ea0d9a_nohash_5.wav,stop,b4ea0d9a
stop/b4ea0d9a_nohash_3.wav,stop,b4ea0d9a
stop/b4ea0d9a_nohash_2.wav,stop,b4ea0d9a
stop/b66f4f93_nohash_3.wav,stop,b66f4f93
stop/b66f4f93_nohash_0.wav,stop,b66f4f93
stop/b66f4f93_nohash_8.wav,stop,b66f4f93
stop/b66f4f93_nohash_1.wav,stop,b66f4f93
stop/b66f4f93_nohash_6.wav,stop,b66f4f93
go/b5cf6ea8_nohash_1.wav,go,b5cf6ea8
go/b5cf6ea8_nohash_5.wav,go,b5cf6ea8
go/b5cf6ea8_nohash_2.wav,go,b5cf6ea8
go/b5cf6ea8_nohash_0.wav,go,b5cf6ea8
go/b5cf6ea8_nohash_4.wav,go,b5cf6ea8
go/5f9cd2eb_nohash_4.wav,go,5f9cd2eb
go/5f9cd2eb_nohash_3.wav,go,5f9cd2eb
go/5f9cd2eb_nohash_6.wav,go,5f9cd2eb
go/5f9cd2eb_nohash_0.wav,go,5f9cd2eb
go/5f9cd2eb_nohash_5.wav,go,5f9cd2eb
go/229978fd_nohash_3.wav,go,229978fd
go/229978fd_nohash_1.wav,go,229978fd
go/229978fd_nohash_2.wav,go,229978fd
go/229978fd_nohash_0.wav,go,229978fd
go/229978fd_nohash_4.wav,go,229978fd
go/c1d39ce8_nohash_0.wav,go,c1d39ce8
go/c1d39ce8_nohash_2.wav,go,c1d39ce8
go/c1d39ce8_nohash_9.wav,go,c1d39ce8
go/c1d39ce8_nohash_4.wav,go,c1d39ce8
go/c1d39ce8_nohash_8.wav,go,c1d39ce8
go/953fe1ad_nohash_2.wav,go,953fe1ad
go/953fe1ad_nohash_0.wav,go,953fe1ad
go/953fe1ad_nohash_4.wav,go,953fe1ad
go/953fe1ad_nohash_3.wav,go,953fe1ad
go/953fe1ad_nohash_1.wav,go,953fe1ad
go/9aa21fa9_nohash_3.wav,go,9aa21fa9
go/9aa21fa9_nohash_4.wav,go,9aa21fa9
go/9aa21fa9_nohash_0.wav,go,9aa21fa9
go/9aa21fa9_nohash_2.wav,go,9aa21fa9
go/9aa21fa9_nohash_1.wav,go,9aa21fa9
go/de89e2ca_nohash_4.wav,go,de89e2ca
go/de89e2ca_nohash_1.wav,go,de89e2ca
go/de89e2ca_nohash_3.wav,go,de89e2ca
go/de89e2ca_nohash_2.wav,go,de89e2ca
go/de89e2ca_nohash_6.wav,go,de89e2ca
go/ef3367d9_nohash_2.wav,go,ef3367d9
go/ef3367d9_nohash_3.wav,go,ef3367d9
go/ef3367d9_nohash_4.wav,go,ef3367d9
go/ef3367d9_nohash_0.wav,go,ef3367d9
go/ef3367d9_nohash_1.wav,go,ef3367d9
go/c22d3f18_nohash_1.wav,go,c22d3f18
go/c22d3f18_nohash_4.wav,go,c22d3f18
go/c22d3f18_nohash_0.wav,go,c22d3f18
go/c22d3f18_nohash_3.wav,go,c22d3f18
go/c22d3f18_nohash_2.wav,go,c22d3f18
go/56eb74ae_nohash_4.wav,go,56eb74ae
go/56eb74ae_nohash_1.wav,go,56eb74ae
go/56eb74ae_nohash_0.wav,go,56eb74ae
go/56eb74ae_nohash_2.wav,go,56eb74ae
go/56eb74ae_nohash_3.wav,go,56eb74ae
go/e1469561_nohash_4.wav,go,e1469561
go/e1469561_nohash_3.wav,go,e1469561
go/e1469561_nohash_1.wav,go,e1469561
go/e1469561_nohash_2.wav,go,e1469561
go/e1469561_nohash_0.wav,go,e1469561
go/28e47b1a_nohash_2.wav,go,28e47b1a
go/28e47b1a_nohash_3.wav,go,28e47b1a
go/28e47b1a_nohash_1.wav,go,28e47b1a
go/28e47b1a_nohash_4.wav,go,28e47b1a
go/28e47b1a_nohash_0.wav,go,28e47b1a
go/eb0676ec_nohash_0.wav,go,eb0676ec
go/eb0676ec_nohash_4.wav,go,eb0676ec
go/eb0676ec_nohash_2.wav,go,eb0676ec
go/eb0676ec_nohash_3.wav,go,eb0676ec
go/eb0676ec_nohash_1.wav,go,eb0676ec
go/9886d8bf_nohash_2.wav,go,9886d8bf
go/9886d8bf_nohash_3.wav,go,9886d8bf
go/9886d8bf_nohash_0.wav,go,9886d8bf
go/9886d8bf_nohash_4.wav,go,9886d8bf
go/9886d8bf_nohash_1.wav,go,9886d8bf
go/8e05039f_nohash_0.wav,go,8e05039f
go/8e05039f_nohash_3.wav,go,8e05039f
go/8e05039f_nohash_2.wav,go,8e05039f
go/8e05039f_nohash_4.wav,go,8e05039f
go/8e05039f_nohash_1.wav,go,8e05039f
go/617de221_nohash_2.wav,go,617de221
go/617de221_nohash_3.wav,go,617de221
go/617de221_nohash_4.wav,go,617de221
go/617de221_nohash_0.wav,go,617de221
go/617de221_nohash_1.wav,go,617de221
go/c948d727_nohash_3.wav,go,c948d727
go/c948d727_nohash_0.wav,go,c948d727
go/c948d727_nohash_1.wav,go,c948d727
go/c948d727_nohash_2.wav,go,c948d727
go/c948d727_nohash_4.wav,go,c948d727
go/179a61b7_nohash_0.wav,go,179a61b7
go/179a61b7_nohash_2.wav,go,179a61b7
go/179a61b7_nohash_1.wav,go,179a61b7
go/179a61b7_nohash_3.wav,go,179a61b7
go/179a61b7_nohash_4.wav,go,179a61b7
go/21832144_nohash_3.wav,go,21832144
go/21832144_nohash_1.wav,go,21832144
go/21832144_nohash_4.wav,go,21832144
go/21832144_nohash_2.wav,go,21832144
go/21832144_nohash_0.wav,go,21832144
go/893705bb_nohash_8.wav,go,893705bb
go/893705bb_nohash_6.wav,go,893705bb
go/893705bb_nohash_2.wav,go,893705bb
go/893705bb_nohash_4.wav,go,893705bb
go/893705bb_nohash_5.wav,go,893705bb
go/1b4c9b89_nohash_2.wav,go,1b4c9b89
go/1b4c9b89_nohash_3.wav,go,1b4c9b89
go/1b4c9b89_nohash_0.wav,go,1b4c9b89
go/1b4c9b89_nohash_1.wav,go,1b4c9b89
go/1b4c9b89_nohash_4.wav,go,1b4c9b89
go/2aca1e72_nohash_3.wav,go,2aca1e72
go/2aca1e72_nohash_1.wav,go,2aca1e72
go/2aca1e72_nohash_4.wav,go,2aca1e72
go/2aca1e72_nohash_5.wav,go,2aca1e72
go/2aca1e72_nohash_7.wav,go,2aca1e72
go/324210dd_nohash_4.wav,go,324210dd
go/324210dd_nohash_2.wav,go,324210dd
go/324210dd_nohash_0.wav,go,324210dd
go/324210dd_nohash_1.wav,go,324210dd
go/324210dd_nohash_3.wav,go,324210dd
go/472b8045_nohash_2.wav,go,472b8045
go/472b8045_nohash_1.wav,go,472b8045
go/472b8045_nohash_3.wav,go,472b8045
go/472b8045_nohash_4.wav,go,472b8045
go/472b8045_nohash_0.wav,go,472b8045
go/cce7416f_nohash_9.wav,go,cce7416f
go/cce7416f_nohash_8.wav,go,cce7416f
go/cce7416f_nohash_3.wav,go,cce7416f
go/cce7416f_nohash_2.wav,go,cce7416f
go/cce7416f_nohash_10.wav,go,cce7416f
go/c1e0e8e3_nohash_2.wav,go,c1e0e8e3
go/c1e0e8e3_nohash_3.wav,go,c1e0e8e3
go/c1e0e8e3_nohash_0.wav,go,c1e0e8e3
go/c1e0e8e3_nohash_4.wav,go,c1e0e8e3
go/c1e0e8e3_nohash_1.wav,go,c1e0e8e3
go/8134f43f_nohash_2.wav,go,8134f43f
go/8134f43f_nohash_4.wav,go,8134f43f
go/8134f43f_nohash_1.wav,go,8134f43f
go/8134f43f_nohash_3.wav,go,8134f43f
go/8134f43f_nohash_0.wav,go,8134f43f
go/cd7f8c1b_nohash_2.wav,go,cd7f8c1b
go/cd7f8c1b_nohash_3.wav,go,cd7f8c1b
go/cd7f8c1b_nohash_1.wav,go,cd7f8c1b
go/cd7f8c1b_nohash_4.wav,go,cd7f8c1b
go/cd7f8c1b_nohash_0.wav,go,cd7f8c1b
go/24befdb3_nohash_0.wav,go,24befdb3
go/24befdb3_nohash_2.wav,go,24befdb3
go/24befdb3_nohash_3.wav,go,24befdb3
go/24befdb3_nohash_1.wav,go,24befdb3
go/24befdb3_nohash_4.wav,go,24befdb3
go/cd671b5f_nohash_0.wav,go,cd671b5f
go/cd671b5f_nohash_3.wav,go,cd671b5f
go/cd671b5f_nohash_2.wav,go,cd671b5f
go/cd671b5f_nohash_1.wav,go,cd671b5f
go/cd671b5f_nohash_4.wav,go,cd671b5f
go/42a99aec_nohash_3.wav,go,42a99aec
go/42a99aec_nohash_1.wav,go,42a99aec
go/42a99aec_nohash_0.wav,go,42a99aec
go/42a99aec_nohash_4.wav,go,42a99aec
go/42a99aec_nohash_2.wav,go,42a99aec
go/a04817c2_nohash_4.wav,go,a04817c2
go/a04817c2_nohash_2.wav,go,a04817c2
go/a04817c2_nohash_0.wav,go,a04817c2
go/a04817c2_nohash_3.wav,go,a04817c2
go/a04817c2_nohash_1.wav,go,a04817c2
go/ddedba85_nohash_7.wav,go,ddedba85
go/ddedba85_nohash_9.wav,go,ddedba85
go/ddedba85_nohash_1.wav,go,ddedba85
go/ddedba85_nohash_3.wav,go,ddedba85
go/ddedba85_nohash_2.wav,go,ddedba85
go/5ebc1cda_nohash_4.wav,go,5ebc1cda
go/5ebc1cda_nohash_0.wav,go,5ebc1cda
go/5ebc1cda_nohash_3.wav,go,5ebc1cda
go/5ebc1cda_nohash_6.wav,go,5ebc1cda
go/5ebc1cda_nohash_5.wav,go,5ebc1cda
go/b4ea0d9a_nohash_6.wav,go,b4ea0d9a
go/b4ea0d9a_nohash_2.wav,go,b4ea0d9a
go/b4ea0d9a_nohash_5.wav,go,b4ea0d9a
go/b4ea0d9a_nohash_3.wav,go,b4ea0d9a
go/b4ea0d9a_nohash_4.wav,go,b4ea0d9a
go/b66f4f93_nohash_1.wav,go,b66f4f93
go/b66f4f93_nohash_8.wav,go,b66f4f93
go/b66f4f93_nohash_5.wav,go,b66f4f93
go/b66f4f93_nohash_7.wav,go,b66f4f93
go/b66f4f93_nohash_4.wav,go,b66f4f93
